signature_name,classification,source_type,source_id,risk,redacted_to_safe_routing,reason,recommended_action,files_present,htm_path,source_file
Mercury CRM Email Template 1 - New Contact Added Registered (Welcome Email),useful-after-polish,crm-email-template,1,routine-safe,False,CRM email template may contain useful customer-service wording but requires shortening/polish before use.,Polish into short client-specific reply before sending.,.htm; .txt; .rtf,C:\Users\uscap\AppData\Roaming\Microsoft\Signatures\Mercury CRM Email Template 1 - New Contact Added Registered (Welcome Email).htm,D:\GithubRepos\uscapitalprivatebank-site\crm\sitebackup\source_artifacts\CRM.sql
Mercury CRM Email Template 10 - Send Estimate to Customer,archive/do-not-use,crm-email-template,10,restricted-safe-routing,False,Old CRM automated/system event template or credential/reset workflow; not a hand-reply signature.,Do not use for client replies; replace with Mercury safe reply pack when needed.,.htm; .txt; .rtf,C:\Users\uscap\AppData\Roaming\Microsoft\Signatures\Mercury CRM Email Template 10 - Send Estimate to Customer.htm,D:\GithubRepos\uscapitalprivatebank-site\crm\sitebackup\source_artifacts\CRM.sql
Mercury CRM Email Template 1064 - Forgot Password indonesia,archive/do-not-use,crm-email-template,1064,restricted-redacted-safe-routing,True,Old CRM automated/system event template or credential/reset workflow; not a hand-reply signature.,Do not use for client replies; replace with Mercury safe reply pack when needed.,.htm; .txt; .rtf,C:\Users\uscap\AppData\Roaming\Microsoft\Signatures\Mercury CRM Email Template 1064 - Forgot Password indonesia.htm,D:\GithubRepos\uscapitalprivatebank-site\crm\sitebackup\source_artifacts\CRM.sql
Mercury CRM Email Template 1066 - Set New Password indonesia,archive/do-not-use,crm-email-template,1066,restricted-redacted-safe-routing,True,Old CRM automated/system event template or credential/reset workflow; not a hand-reply signature.,Do not use for client replies; replace with Mercury safe reply pack when needed.,.htm; .txt; .rtf,C:\Users\uscap\AppData\Roaming\Microsoft\Signatures\Mercury CRM Email Template 1066 - Set New Password indonesia.htm,D:\GithubRepos\uscapitalprivatebank-site\crm\sitebackup\source_artifacts\CRM.sql
Mercury CRM Email Template 1067 - Forgot Password indonesia,archive/do-not-use,crm-email-template,1067,restricted-redacted-safe-routing,True,Old CRM automated/system event template or credential/reset workflow; not a hand-reply signature.,Do not use for client replies; replace with Mercury safe reply pack when needed.,.htm; .txt; .rtf,C:\Users\uscap\AppData\Roaming\Microsoft\Signatures\Mercury CRM Email Template 1067 - Forgot Password indonesia.htm,D:\GithubRepos\uscapitalprivatebank-site\crm\sitebackup\source_artifacts\CRM.sql
Mercury CRM Email Template 11 - Ticket Reply (Sent to Staff),archive/do-not-use,crm-email-template,11,routine-safe,False,Old CRM automated/system event template or credential/reset workflow; not a hand-reply signature.,Do not use for client replies; replace with Mercury safe reply pack when needed.,.htm; .txt; .rtf,C:\Users\uscap\AppData\Roaming\Microsoft\Signatures\Mercury CRM Email Template 11 - Ticket Reply (Sent to Staff).htm,D:\GithubRepos\uscapitalprivatebank-site\crm\sitebackup\source_artifacts\CRM.sql
Mercury CRM Email Template 1157 - Forgot Password italian,archive/do-not-use,crm-email-template,1157,restricted-redacted-safe-routing,True,Old CRM automated/system event template or credential/reset workflow; not a hand-reply signature.,Do not use for client replies; replace with Mercury safe reply pack when needed.,.htm; .txt; .rtf,C:\Users\uscap\AppData\Roaming\Microsoft\Signatures\Mercury CRM Email Template 1157 - Forgot Password italian.htm,D:\GithubRepos\uscapitalprivatebank-site\crm\sitebackup\source_artifacts\CRM.sql
Mercury CRM Email Template 1159 - Set New Password italian,archive/do-not-use,crm-email-template,1159,restricted-redacted-safe-routing,True,Old CRM automated/system event template or credential/reset workflow; not a hand-reply signature.,Do not use for client replies; replace with Mercury safe reply pack when needed.,.htm; .txt; .rtf,C:\Users\uscap\AppData\Roaming\Microsoft\Signatures\Mercury CRM Email Template 1159 - Set New Password italian.htm,D:\GithubRepos\uscapitalprivatebank-site\crm\sitebackup\source_artifacts\CRM.sql
Mercury CRM Email Template 1160 - Forgot Password italian,archive/do-not-use,crm-email-template,1160,restricted-redacted-safe-routing,True,Old CRM automated/system event template or credential/reset workflow; not a hand-reply signature.,Do not use for client replies; replace with Mercury safe reply pack when needed.,.htm; .txt; .rtf,C:\Users\uscap\AppData\Roaming\Microsoft\Signatures\Mercury CRM Email Template 1160 - Forgot Password italian.htm,D:\GithubRepos\uscapitalprivatebank-site\crm\sitebackup\source_artifacts\CRM.sql
Mercury CRM Email Template 12 - Estimate Already Sent to Customer,archive/do-not-use,crm-email-template,12,routine-safe,False,Old CRM automated/system event template or credential/reset workflow; not a hand-reply signature.,Do not use for client replies; replace with Mercury safe reply pack when needed.,.htm; .txt; .rtf,C:\Users\uscap\AppData\Roaming\Microsoft\Signatures\Mercury CRM Email Template 12 - Estimate Already Sent to Customer.htm,D:\GithubRepos\uscapitalprivatebank-site\crm\sitebackup\source_artifacts\CRM.sql
Mercury CRM Email Template 1250 - Forgot Password japanese,archive/do-not-use,crm-email-template,1250,restricted-redacted-safe-routing,True,Old CRM automated/system event template or credential/reset workflow; not a hand-reply signature.,Do not use for client replies; replace with Mercury safe reply pack when needed.,.htm; .txt; .rtf,C:\Users\uscap\AppData\Roaming\Microsoft\Signatures\Mercury CRM Email Template 1250 - Forgot Password japanese.htm,D:\GithubRepos\uscapitalprivatebank-site\crm\sitebackup\source_artifacts\CRM.sql
Mercury CRM Email Template 1252 - Set New Password japanese,archive/do-not-use,crm-email-template,1252,restricted-redacted-safe-routing,True,Old CRM automated/system event template or credential/reset workflow; not a hand-reply signature.,Do not use for client replies; replace with Mercury safe reply pack when needed.,.htm; .txt; .rtf,C:\Users\uscap\AppData\Roaming\Microsoft\Signatures\Mercury CRM Email Template 1252 - Set New Password japanese.htm,D:\GithubRepos\uscapitalprivatebank-site\crm\sitebackup\source_artifacts\CRM.sql
Mercury CRM Email Template 1253 - Forgot Password japanese,archive/do-not-use,crm-email-template,1253,restricted-redacted-safe-routing,True,Old CRM automated/system event template or credential/reset workflow; not a hand-reply signature.,Do not use for client replies; replace with Mercury safe reply pack when needed.,.htm; .txt; .rtf,C:\Users\uscap\AppData\Roaming\Microsoft\Signatures\Mercury CRM Email Template 1253 - Forgot Password japanese.htm,D:\GithubRepos\uscapitalprivatebank-site\crm\sitebackup\source_artifacts\CRM.sql
Mercury CRM Email Template 13 - Contract Expiration Reminder (Sent to Customer Contacts),archive/do-not-use,crm-email-template,13,routine-safe,False,Old CRM automated/system event template or credential/reset workflow; not a hand-reply signature.,Do not use for client replies; replace with Mercury safe reply pack when needed.,.htm; .txt; .rtf,C:\Users\uscap\AppData\Roaming\Microsoft\Signatures\Mercury CRM Email Template 13 - Contract Expiration Reminder (Sent to Customer Contacts).htm,D:\GithubRepos\uscapitalprivatebank-site\crm\sitebackup\source_artifacts\CRM.sql
Mercury CRM Email Template 134 - Forgot Password bulgarian,archive/do-not-use,crm-email-template,134,restricted-redacted-safe-routing,True,Old CRM automated/system event template or credential/reset workflow; not a hand-reply signature.,Do not use for client replies; replace with Mercury safe reply pack when needed.,.htm; .txt; .rtf,C:\Users\uscap\AppData\Roaming\Microsoft\Signatures\Mercury CRM Email Template 134 - Forgot Password bulgarian.htm,D:\GithubRepos\uscapitalprivatebank-site\crm\sitebackup\source_artifacts\CRM.sql
Mercury CRM Email Template 1343 - Forgot Password norwegian,archive/do-not-use,crm-email-template,1343,restricted-redacted-safe-routing,True,Old CRM automated/system event template or credential/reset workflow; not a hand-reply signature.,Do not use for client replies; replace with Mercury safe reply pack when needed.,.htm; .txt; .rtf,C:\Users\uscap\AppData\Roaming\Microsoft\Signatures\Mercury CRM Email Template 1343 - Forgot Password norwegian.htm,D:\GithubRepos\uscapitalprivatebank-site\crm\sitebackup\source_artifacts\CRM.sql
Mercury CRM Email Template 1345 - Set New Password norwegian,archive/do-not-use,crm-email-template,1345,restricted-redacted-safe-routing,True,Old CRM automated/system event template or credential/reset workflow; not a hand-reply signature.,Do not use for client replies; replace with Mercury safe reply pack when needed.,.htm; .txt; .rtf,C:\Users\uscap\AppData\Roaming\Microsoft\Signatures\Mercury CRM Email Template 1345 - Set New Password norwegian.htm,D:\GithubRepos\uscapitalprivatebank-site\crm\sitebackup\source_artifacts\CRM.sql
Mercury CRM Email Template 1346 - Forgot Password norwegian,archive/do-not-use,crm-email-template,1346,restricted-redacted-safe-routing,True,Old CRM automated/system event template or credential/reset workflow; not a hand-reply signature.,Do not use for client replies; replace with Mercury safe reply pack when needed.,.htm; .txt; .rtf,C:\Users\uscap\AppData\Roaming\Microsoft\Signatures\Mercury CRM Email Template 1346 - Forgot Password norwegian.htm,D:\GithubRepos\uscapitalprivatebank-site\crm\sitebackup\source_artifacts\CRM.sql
Mercury CRM Email Template 136 - Set New Password bulgarian,archive/do-not-use,crm-email-template,136,restricted-redacted-safe-routing,True,Old CRM automated/system event template or credential/reset workflow; not a hand-reply signature.,Do not use for client replies; replace with Mercury safe reply pack when needed.,.htm; .txt; .rtf,C:\Users\uscap\AppData\Roaming\Microsoft\Signatures\Mercury CRM Email Template 136 - Set New Password bulgarian.htm,D:\GithubRepos\uscapitalprivatebank-site\crm\sitebackup\source_artifacts\CRM.sql
Mercury CRM Email Template 137 - Forgot Password bulgarian,archive/do-not-use,crm-email-template,137,restricted-redacted-safe-routing,True,Old CRM automated/system event template or credential/reset workflow; not a hand-reply signature.,Do not use for client replies; replace with Mercury safe reply pack when needed.,.htm; .txt; .rtf,C:\Users\uscap\AppData\Roaming\Microsoft\Signatures\Mercury CRM Email Template 137 - Forgot Password bulgarian.htm,D:\GithubRepos\uscapitalprivatebank-site\crm\sitebackup\source_artifacts\CRM.sql
Mercury CRM Email Template 14 - New Task Assigned (Sent to Staff),archive/do-not-use,crm-email-template,14,routine-safe,False,Old CRM automated/system event template or credential/reset workflow; not a hand-reply signature.,Do not use for client replies; replace with Mercury safe reply pack when needed.,.htm; .txt; .rtf,C:\Users\uscap\AppData\Roaming\Microsoft\Signatures\Mercury CRM Email Template 14 - New Task Assigned (Sent to Staff).htm,D:\GithubRepos\uscapitalprivatebank-site\crm\sitebackup\source_artifacts\CRM.sql
Mercury CRM Email Template 1436 - Forgot Password persian,archive/do-not-use,crm-email-template,1436,restricted-redacted-safe-routing,True,Old CRM automated/system event template or credential/reset workflow; not a hand-reply signature.,Do not use for client replies; replace with Mercury safe reply pack when needed.,.htm; .txt; .rtf,C:\Users\uscap\AppData\Roaming\Microsoft\Signatures\Mercury CRM Email Template 1436 - Forgot Password persian.htm,D:\GithubRepos\uscapitalprivatebank-site\crm\sitebackup\source_artifacts\CRM.sql
Mercury CRM Email Template 1438 - Set New Password persian,archive/do-not-use,crm-email-template,1438,restricted-redacted-safe-routing,True,Old CRM automated/system event template or credential/reset workflow; not a hand-reply signature.,Do not use for client replies; replace with Mercury safe reply pack when needed.,.htm; .txt; .rtf,C:\Users\uscap\AppData\Roaming\Microsoft\Signatures\Mercury CRM Email Template 1438 - Set New Password persian.htm,D:\GithubRepos\uscapitalprivatebank-site\crm\sitebackup\source_artifacts\CRM.sql
Mercury CRM Email Template 1439 - Forgot Password persian,archive/do-not-use,crm-email-template,1439,restricted-redacted-safe-routing,True,Old CRM automated/system event template or credential/reset workflow; not a hand-reply signature.,Do not use for client replies; replace with Mercury safe reply pack when needed.,.htm; .txt; .rtf,C:\Users\uscap\AppData\Roaming\Microsoft\Signatures\Mercury CRM Email Template 1439 - Forgot Password persian.htm,D:\GithubRepos\uscapitalprivatebank-site\crm\sitebackup\source_artifacts\CRM.sql
Mercury CRM Email Template 15 - Staff Member Added as Follower on Task (Sent to Staff),archive/do-not-use,crm-email-template,15,routine-safe,False,Old CRM automated/system event template or credential/reset workflow; not a hand-reply signature.,Do not use for client replies; replace with Mercury safe reply pack when needed.,.htm; .txt; .rtf,C:\Users\uscap\AppData\Roaming\Microsoft\Signatures\Mercury CRM Email Template 15 - Staff Member Added as Follower on Task (Sent to Staff).htm,D:\GithubRepos\uscapitalprivatebank-site\crm\sitebackup\source_artifacts\CRM.sql
Mercury CRM Email Template 1529 - Forgot Password polish,archive/do-not-use,crm-email-template,1529,restricted-redacted-safe-routing,True,Old CRM automated/system event template or credential/reset workflow; not a hand-reply signature.,Do not use for client replies; replace with Mercury safe reply pack when needed.,.htm; .txt; .rtf,C:\Users\uscap\AppData\Roaming\Microsoft\Signatures\Mercury CRM Email Template 1529 - Forgot Password polish.htm,D:\GithubRepos\uscapitalprivatebank-site\crm\sitebackup\source_artifacts\CRM.sql
Mercury CRM Email Template 1531 - Set New Password polish,archive/do-not-use,crm-email-template,1531,restricted-redacted-safe-routing,True,Old CRM automated/system event template or credential/reset workflow; not a hand-reply signature.,Do not use for client replies; replace with Mercury safe reply pack when needed.,.htm; .txt; .rtf,C:\Users\uscap\AppData\Roaming\Microsoft\Signatures\Mercury CRM Email Template 1531 - Set New Password polish.htm,D:\GithubRepos\uscapitalprivatebank-site\crm\sitebackup\source_artifacts\CRM.sql
Mercury CRM Email Template 1532 - Forgot Password polish,archive/do-not-use,crm-email-template,1532,restricted-redacted-safe-routing,True,Old CRM automated/system event template or credential/reset workflow; not a hand-reply signature.,Do not use for client replies; replace with Mercury safe reply pack when needed.,.htm; .txt; .rtf,C:\Users\uscap\AppData\Roaming\Microsoft\Signatures\Mercury CRM Email Template 1532 - Forgot Password polish.htm,D:\GithubRepos\uscapitalprivatebank-site\crm\sitebackup\source_artifacts\CRM.sql
Mercury CRM Email Template 16 - New Comment on Task (Sent to Staff),archive/do-not-use,crm-email-template,16,routine-safe,False,Old CRM automated/system event template or credential/reset workflow; not a hand-reply signature.,Do not use for client replies; replace with Mercury safe reply pack when needed.,.htm; .txt; .rtf,C:\Users\uscap\AppData\Roaming\Microsoft\Signatures\Mercury CRM Email Template 16 - New Comment on Task (Sent to Staff).htm,D:\GithubRepos\uscapitalprivatebank-site\crm\sitebackup\source_artifacts\CRM.sql
Mercury CRM Email Template 1622 - Forgot Password portuguese,archive/do-not-use,crm-email-template,1622,restricted-redacted-safe-routing,True,Old CRM automated/system event template or credential/reset workflow; not a hand-reply signature.,Do not use for client replies; replace with Mercury safe reply pack when needed.,.htm; .txt; .rtf,C:\Users\uscap\AppData\Roaming\Microsoft\Signatures\Mercury CRM Email Template 1622 - Forgot Password portuguese.htm,D:\GithubRepos\uscapitalprivatebank-site\crm\sitebackup\source_artifacts\CRM.sql
Mercury CRM Email Template 1624 - Set New Password portuguese,archive/do-not-use,crm-email-template,1624,restricted-redacted-safe-routing,True,Old CRM automated/system event template or credential/reset workflow; not a hand-reply signature.,Do not use for client replies; replace with Mercury safe reply pack when needed.,.htm; .txt; .rtf,C:\Users\uscap\AppData\Roaming\Microsoft\Signatures\Mercury CRM Email Template 1624 - Set New Password portuguese.htm,D:\GithubRepos\uscapitalprivatebank-site\crm\sitebackup\source_artifacts\CRM.sql
Mercury CRM Email Template 1625 - Forgot Password portuguese,archive/do-not-use,crm-email-template,1625,restricted-redacted-safe-routing,True,Old CRM automated/system event template or credential/reset workflow; not a hand-reply signature.,Do not use for client replies; replace with Mercury safe reply pack when needed.,.htm; .txt; .rtf,C:\Users\uscap\AppData\Roaming\Microsoft\Signatures\Mercury CRM Email Template 1625 - Forgot Password portuguese.htm,D:\GithubRepos\uscapitalprivatebank-site\crm\sitebackup\source_artifacts\CRM.sql
Mercury CRM Email Template 17 - New Attachment(s) on Task (Sent to Staff),archive/do-not-use,crm-email-template,17,routine-safe,False,Old CRM automated/system event template or credential/reset workflow; not a hand-reply signature.,Do not use for client replies; replace with Mercury safe reply pack when needed.,.htm; .txt; .rtf,C:\Users\uscap\AppData\Roaming\Microsoft\Signatures\Mercury CRM Email Template 17 - New Attachment(s) on Task (Sent to Staff).htm,D:\GithubRepos\uscapitalprivatebank-site\crm\sitebackup\source_artifacts\CRM.sql
Mercury CRM Email Template 1715 - Forgot Password portuguese_br,archive/do-not-use,crm-email-template,1715,restricted-redacted-safe-routing,True,Old CRM automated/system event template or credential/reset workflow; not a hand-reply signature.,Do not use for client replies; replace with Mercury safe reply pack when needed.,.htm; .txt; .rtf,C:\Users\uscap\AppData\Roaming\Microsoft\Signatures\Mercury CRM Email Template 1715 - Forgot Password portuguese_br.htm,D:\GithubRepos\uscapitalprivatebank-site\crm\sitebackup\source_artifacts\CRM.sql
Mercury CRM Email Template 1717 - Set New Password portuguese_br,archive/do-not-use,crm-email-template,1717,restricted-redacted-safe-routing,True,Old CRM automated/system event template or credential/reset workflow; not a hand-reply signature.,Do not use for client replies; replace with Mercury safe reply pack when needed.,.htm; .txt; .rtf,C:\Users\uscap\AppData\Roaming\Microsoft\Signatures\Mercury CRM Email Template 1717 - Set New Password portuguese_br.htm,D:\GithubRepos\uscapitalprivatebank-site\crm\sitebackup\source_artifacts\CRM.sql
Mercury CRM Email Template 1718 - Forgot Password portuguese_br,archive/do-not-use,crm-email-template,1718,restricted-redacted-safe-routing,True,Old CRM automated/system event template or credential/reset workflow; not a hand-reply signature.,Do not use for client replies; replace with Mercury safe reply pack when needed.,.htm; .txt; .rtf,C:\Users\uscap\AppData\Roaming\Microsoft\Signatures\Mercury CRM Email Template 1718 - Forgot Password portuguese_br.htm,D:\GithubRepos\uscapitalprivatebank-site\crm\sitebackup\source_artifacts\CRM.sql
Mercury CRM Email Template 18 - Estimate Declined (Sent to Staff),archive/do-not-use,crm-email-template,18,routine-safe,False,Old CRM automated/system event template or credential/reset workflow; not a hand-reply signature.,Do not use for client replies; replace with Mercury safe reply pack when needed.,.htm; .txt; .rtf,C:\Users\uscap\AppData\Roaming\Microsoft\Signatures\Mercury CRM Email Template 18 - Estimate Declined (Sent to Staff).htm,D:\GithubRepos\uscapitalprivatebank-site\crm\sitebackup\source_artifacts\CRM.sql
Mercury CRM Email Template 1808 - Forgot Password romanian,archive/do-not-use,crm-email-template,1808,restricted-redacted-safe-routing,True,Old CRM automated/system event template or credential/reset workflow; not a hand-reply signature.,Do not use for client replies; replace with Mercury safe reply pack when needed.,.htm; .txt; .rtf,C:\Users\uscap\AppData\Roaming\Microsoft\Signatures\Mercury CRM Email Template 1808 - Forgot Password romanian.htm,D:\GithubRepos\uscapitalprivatebank-site\crm\sitebackup\source_artifacts\CRM.sql
Mercury CRM Email Template 1810 - Set New Password romanian,archive/do-not-use,crm-email-template,1810,restricted-redacted-safe-routing,True,Old CRM automated/system event template or credential/reset workflow; not a hand-reply signature.,Do not use for client replies; replace with Mercury safe reply pack when needed.,.htm; .txt; .rtf,C:\Users\uscap\AppData\Roaming\Microsoft\Signatures\Mercury CRM Email Template 1810 - Set New Password romanian.htm,D:\GithubRepos\uscapitalprivatebank-site\crm\sitebackup\source_artifacts\CRM.sql
Mercury CRM Email Template 1811 - Forgot Password romanian,archive/do-not-use,crm-email-template,1811,restricted-redacted-safe-routing,True,Old CRM automated/system event template or credential/reset workflow; not a hand-reply signature.,Do not use for client replies; replace with Mercury safe reply pack when needed.,.htm; .txt; .rtf,C:\Users\uscap\AppData\Roaming\Microsoft\Signatures\Mercury CRM Email Template 1811 - Forgot Password romanian.htm,D:\GithubRepos\uscapitalprivatebank-site\crm\sitebackup\source_artifacts\CRM.sql
Mercury CRM Email Template 19 - Estimate Accepted (Sent to Staff),archive/do-not-use,crm-email-template,19,routine-safe,False,Old CRM automated/system event template or credential/reset workflow; not a hand-reply signature.,Do not use for client replies; replace with Mercury safe reply pack when needed.,.htm; .txt; .rtf,C:\Users\uscap\AppData\Roaming\Microsoft\Signatures\Mercury CRM Email Template 19 - Estimate Accepted (Sent to Staff).htm,D:\GithubRepos\uscapitalprivatebank-site\crm\sitebackup\source_artifacts\CRM.sql
Mercury CRM Email Template 1901 - Forgot Password russian,archive/do-not-use,crm-email-template,1901,restricted-redacted-safe-routing,True,Old CRM automated/system event template or credential/reset workflow; not a hand-reply signature.,Do not use for client replies; replace with Mercury safe reply pack when needed.,.htm; .txt; .rtf,C:\Users\uscap\AppData\Roaming\Microsoft\Signatures\Mercury CRM Email Template 1901 - Forgot Password russian.htm,D:\GithubRepos\uscapitalprivatebank-site\crm\sitebackup\source_artifacts\CRM.sql
Mercury CRM Email Template 1903 - Set New Password russian,archive/do-not-use,crm-email-template,1903,restricted-redacted-safe-routing,True,Old CRM automated/system event template or credential/reset workflow; not a hand-reply signature.,Do not use for client replies; replace with Mercury safe reply pack when needed.,.htm; .txt; .rtf,C:\Users\uscap\AppData\Roaming\Microsoft\Signatures\Mercury CRM Email Template 1903 - Set New Password russian.htm,D:\GithubRepos\uscapitalprivatebank-site\crm\sitebackup\source_artifacts\CRM.sql
Mercury CRM Email Template 1904 - Forgot Password russian,archive/do-not-use,crm-email-template,1904,restricted-redacted-safe-routing,True,Old CRM automated/system event template or credential/reset workflow; not a hand-reply signature.,Do not use for client replies; replace with Mercury safe reply pack when needed.,.htm; .txt; .rtf,C:\Users\uscap\AppData\Roaming\Microsoft\Signatures\Mercury CRM Email Template 1904 - Forgot Password russian.htm,D:\GithubRepos\uscapitalprivatebank-site\crm\sitebackup\source_artifacts\CRM.sql
Mercury CRM Email Template 1994 - Forgot Password slovak,archive/do-not-use,crm-email-template,1994,restricted-redacted-safe-routing,True,Old CRM automated/system event template or credential/reset workflow; not a hand-reply signature.,Do not use for client replies; replace with Mercury safe reply pack when needed.,.htm; .txt; .rtf,C:\Users\uscap\AppData\Roaming\Microsoft\Signatures\Mercury CRM Email Template 1994 - Forgot Password slovak.htm,D:\GithubRepos\uscapitalprivatebank-site\crm\sitebackup\source_artifacts\CRM.sql
Mercury CRM Email Template 1996 - Set New Password slovak,archive/do-not-use,crm-email-template,1996,restricted-redacted-safe-routing,True,Old CRM automated/system event template or credential/reset workflow; not a hand-reply signature.,Do not use for client replies; replace with Mercury safe reply pack when needed.,.htm; .txt; .rtf,C:\Users\uscap\AppData\Roaming\Microsoft\Signatures\Mercury CRM Email Template 1996 - Set New Password slovak.htm,D:\GithubRepos\uscapitalprivatebank-site\crm\sitebackup\source_artifacts\CRM.sql
Mercury CRM Email Template 1997 - Forgot Password slovak,archive/do-not-use,crm-email-template,1997,restricted-redacted-safe-routing,True,Old CRM automated/system event template or credential/reset workflow; not a hand-reply signature.,Do not use for client replies; replace with Mercury safe reply pack when needed.,.htm; .txt; .rtf,C:\Users\uscap\AppData\Roaming\Microsoft\Signatures\Mercury CRM Email Template 1997 - Forgot Password slovak.htm,D:\GithubRepos\uscapitalprivatebank-site\crm\sitebackup\source_artifacts\CRM.sql
Mercury CRM Email Template 2 - Send Invoice to Customer,archive/do-not-use,crm-email-template,2,routine-safe,False,Old CRM automated/system event template or credential/reset workflow; not a hand-reply signature.,Do not use for client replies; replace with Mercury safe reply pack when needed.,.htm; .txt; .rtf,C:\Users\uscap\AppData\Roaming\Microsoft\Signatures\Mercury CRM Email Template 2 - Send Invoice to Customer.htm,D:\GithubRepos\uscapitalprivatebank-site\crm\sitebackup\source_artifacts\CRM.sql
Mercury CRM Email Template 20 - Customer Action - Accepted (Sent to Staff),archive/do-not-use,crm-email-template,20,routine-safe,False,Old CRM automated/system event template or credential/reset workflow; not a hand-reply signature.,Do not use for client replies; replace with Mercury safe reply pack when needed.,.htm; .txt; .rtf,C:\Users\uscap\AppData\Roaming\Microsoft\Signatures\Mercury CRM Email Template 20 - Customer Action - Accepted (Sent to Staff).htm,D:\GithubRepos\uscapitalprivatebank-site\crm\sitebackup\source_artifacts\CRM.sql
Mercury CRM Email Template 2087 - Forgot Password spanish,archive/do-not-use,crm-email-template,2087,restricted-redacted-safe-routing,True,Old CRM automated/system event template or credential/reset workflow; not a hand-reply signature.,Do not use for client replies; replace with Mercury safe reply pack when needed.,.htm; .txt; .rtf,C:\Users\uscap\AppData\Roaming\Microsoft\Signatures\Mercury CRM Email Template 2087 - Forgot Password spanish.htm,D:\GithubRepos\uscapitalprivatebank-site\crm\sitebackup\source_artifacts\CRM.sql
Mercury CRM Email Template 2089 - Set New Password spanish,archive/do-not-use,crm-email-template,2089,restricted-redacted-safe-routing,True,Old CRM automated/system event template or credential/reset workflow; not a hand-reply signature.,Do not use for client replies; replace with Mercury safe reply pack when needed.,.htm; .txt; .rtf,C:\Users\uscap\AppData\Roaming\Microsoft\Signatures\Mercury CRM Email Template 2089 - Set New Password spanish.htm,D:\GithubRepos\uscapitalprivatebank-site\crm\sitebackup\source_artifacts\CRM.sql
Mercury CRM Email Template 2090 - Forgot Password spanish,archive/do-not-use,crm-email-template,2090,restricted-redacted-safe-routing,True,Old CRM automated/system event template or credential/reset workflow; not a hand-reply signature.,Do not use for client replies; replace with Mercury safe reply pack when needed.,.htm; .txt; .rtf,C:\Users\uscap\AppData\Roaming\Microsoft\Signatures\Mercury CRM Email Template 2090 - Forgot Password spanish.htm,D:\GithubRepos\uscapitalprivatebank-site\crm\sitebackup\source_artifacts\CRM.sql
Mercury CRM Email Template 21 - Send Proposal to Customer,archive/do-not-use,crm-email-template,21,restricted-safe-routing,False,Old CRM automated/system event template or credential/reset workflow; not a hand-reply signature.,Do not use for client replies; replace with Mercury safe reply pack when needed.,.htm; .txt; .rtf,C:\Users\uscap\AppData\Roaming\Microsoft\Signatures\Mercury CRM Email Template 21 - Send Proposal to Customer.htm,D:\GithubRepos\uscapitalprivatebank-site\crm\sitebackup\source_artifacts\CRM.sql
Mercury CRM Email Template 2180 - Forgot Password swedish,archive/do-not-use,crm-email-template,2180,restricted-redacted-safe-routing,True,Old CRM automated/system event template or credential/reset workflow; not a hand-reply signature.,Do not use for client replies; replace with Mercury safe reply pack when needed.,.htm; .txt; .rtf,C:\Users\uscap\AppData\Roaming\Microsoft\Signatures\Mercury CRM Email Template 2180 - Forgot Password swedish.htm,D:\GithubRepos\uscapitalprivatebank-site\crm\sitebackup\source_artifacts\CRM.sql
Mercury CRM Email Template 2182 - Set New Password swedish,archive/do-not-use,crm-email-template,2182,restricted-redacted-safe-routing,True,Old CRM automated/system event template or credential/reset workflow; not a hand-reply signature.,Do not use for client replies; replace with Mercury safe reply pack when needed.,.htm; .txt; .rtf,C:\Users\uscap\AppData\Roaming\Microsoft\Signatures\Mercury CRM Email Template 2182 - Set New Password swedish.htm,D:\GithubRepos\uscapitalprivatebank-site\crm\sitebackup\source_artifacts\CRM.sql
Mercury CRM Email Template 2183 - Forgot Password swedish,archive/do-not-use,crm-email-template,2183,restricted-redacted-safe-routing,True,Old CRM automated/system event template or credential/reset workflow; not a hand-reply signature.,Do not use for client replies; replace with Mercury safe reply pack when needed.,.htm; .txt; .rtf,C:\Users\uscap\AppData\Roaming\Microsoft\Signatures\Mercury CRM Email Template 2183 - Forgot Password swedish.htm,D:\GithubRepos\uscapitalprivatebank-site\crm\sitebackup\source_artifacts\CRM.sql
Mercury CRM Email Template 22 - Customer Action - Declined (Sent to Staff),archive/do-not-use,crm-email-template,22,routine-safe,False,Old CRM automated/system event template or credential/reset workflow; not a hand-reply signature.,Do not use for client replies; replace with Mercury safe reply pack when needed.,.htm; .txt; .rtf,C:\Users\uscap\AppData\Roaming\Microsoft\Signatures\Mercury CRM Email Template 22 - Customer Action - Declined (Sent to Staff).htm,D:\GithubRepos\uscapitalprivatebank-site\crm\sitebackup\source_artifacts\CRM.sql
Mercury CRM Email Template 227 - Forgot Password catalan,archive/do-not-use,crm-email-template,227,restricted-redacted-safe-routing,True,Old CRM automated/system event template or credential/reset workflow; not a hand-reply signature.,Do not use for client replies; replace with Mercury safe reply pack when needed.,.htm; .txt; .rtf,C:\Users\uscap\AppData\Roaming\Microsoft\Signatures\Mercury CRM Email Template 227 - Forgot Password catalan.htm,D:\GithubRepos\uscapitalprivatebank-site\crm\sitebackup\source_artifacts\CRM.sql
Mercury CRM Email Template 2273 - Forgot Password turkish,archive/do-not-use,crm-email-template,2273,restricted-redacted-safe-routing,True,Old CRM automated/system event template or credential/reset workflow; not a hand-reply signature.,Do not use for client replies; replace with Mercury safe reply pack when needed.,.htm; .txt; .rtf,C:\Users\uscap\AppData\Roaming\Microsoft\Signatures\Mercury CRM Email Template 2273 - Forgot Password turkish.htm,D:\GithubRepos\uscapitalprivatebank-site\crm\sitebackup\source_artifacts\CRM.sql
Mercury CRM Email Template 2275 - Set New Password turkish,archive/do-not-use,crm-email-template,2275,restricted-redacted-safe-routing,True,Old CRM automated/system event template or credential/reset workflow; not a hand-reply signature.,Do not use for client replies; replace with Mercury safe reply pack when needed.,.htm; .txt; .rtf,C:\Users\uscap\AppData\Roaming\Microsoft\Signatures\Mercury CRM Email Template 2275 - Set New Password turkish.htm,D:\GithubRepos\uscapitalprivatebank-site\crm\sitebackup\source_artifacts\CRM.sql
Mercury CRM Email Template 2276 - Forgot Password turkish,archive/do-not-use,crm-email-template,2276,restricted-redacted-safe-routing,True,Old CRM automated/system event template or credential/reset workflow; not a hand-reply signature.,Do not use for client replies; replace with Mercury safe reply pack when needed.,.htm; .txt; .rtf,C:\Users\uscap\AppData\Roaming\Microsoft\Signatures\Mercury CRM Email Template 2276 - Forgot Password turkish.htm,D:\GithubRepos\uscapitalprivatebank-site\crm\sitebackup\source_artifacts\CRM.sql
Mercury CRM Email Template 229 - Set New Password catalan,archive/do-not-use,crm-email-template,229,restricted-redacted-safe-routing,True,Old CRM automated/system event template or credential/reset workflow; not a hand-reply signature.,Do not use for client replies; replace with Mercury safe reply pack when needed.,.htm; .txt; .rtf,C:\Users\uscap\AppData\Roaming\Microsoft\Signatures\Mercury CRM Email Template 229 - Set New Password catalan.htm,D:\GithubRepos\uscapitalprivatebank-site\crm\sitebackup\source_artifacts\CRM.sql
Mercury CRM Email Template 23 - Thank You Email (Sent to Customer After Accept),restricted-routing-only,crm-email-template,23,restricted-safe-routing,False,Old CRM template touched restricted subject matter and was redacted to safe portal/escalation language.,Use only as source context; prefer IDs 119-136 or Aurora-safe pack.,.htm; .txt; .rtf,C:\Users\uscap\AppData\Roaming\Microsoft\Signatures\Mercury CRM Email Template 23 - Thank You Email (Sent to Customer After Accept).htm,D:\GithubRepos\uscapitalprivatebank-site\crm\sitebackup\source_artifacts\CRM.sql
Mercury CRM Email Template 230 - Forgot Password catalan,archive/do-not-use,crm-email-template,230,restricted-redacted-safe-routing,True,Old CRM automated/system event template or credential/reset workflow; not a hand-reply signature.,Do not use for client replies; replace with Mercury safe reply pack when needed.,.htm; .txt; .rtf,C:\Users\uscap\AppData\Roaming\Microsoft\Signatures\Mercury CRM Email Template 230 - Forgot Password catalan.htm,D:\GithubRepos\uscapitalprivatebank-site\crm\sitebackup\source_artifacts\CRM.sql
Mercury CRM Email Template 2366 - Forgot Password ukrainian,archive/do-not-use,crm-email-template,2366,restricted-redacted-safe-routing,True,Old CRM automated/system event template or credential/reset workflow; not a hand-reply signature.,Do not use for client replies; replace with Mercury safe reply pack when needed.,.htm; .txt; .rtf,C:\Users\uscap\AppData\Roaming\Microsoft\Signatures\Mercury CRM Email Template 2366 - Forgot Password ukrainian.htm,D:\GithubRepos\uscapitalprivatebank-site\crm\sitebackup\source_artifacts\CRM.sql
Mercury CRM Email Template 2368 - Set New Password ukrainian,archive/do-not-use,crm-email-template,2368,restricted-redacted-safe-routing,True,Old CRM automated/system event template or credential/reset workflow; not a hand-reply signature.,Do not use for client replies; replace with Mercury safe reply pack when needed.,.htm; .txt; .rtf,C:\Users\uscap\AppData\Roaming\Microsoft\Signatures\Mercury CRM Email Template 2368 - Set New Password ukrainian.htm,D:\GithubRepos\uscapitalprivatebank-site\crm\sitebackup\source_artifacts\CRM.sql
Mercury CRM Email Template 2369 - Forgot Password ukrainian,archive/do-not-use,crm-email-template,2369,restricted-redacted-safe-routing,True,Old CRM automated/system event template or credential/reset workflow; not a hand-reply signature.,Do not use for client replies; replace with Mercury safe reply pack when needed.,.htm; .txt; .rtf,C:\Users\uscap\AppData\Roaming\Microsoft\Signatures\Mercury CRM Email Template 2369 - Forgot Password ukrainian.htm,D:\GithubRepos\uscapitalprivatebank-site\crm\sitebackup\source_artifacts\CRM.sql
Mercury CRM Email Template 24 - New Comment (Sent to Customer Lead),useful-after-polish,crm-email-template,24,routine-safe,False,CRM email template may contain useful customer-service wording but requires shortening/polish before use.,Polish into short client-specific reply before sending.,.htm; .txt; .rtf,C:\Users\uscap\AppData\Roaming\Microsoft\Signatures\Mercury CRM Email Template 24 - New Comment (Sent to Customer Lead).htm,D:\GithubRepos\uscapitalprivatebank-site\crm\sitebackup\source_artifacts\CRM.sql
Mercury CRM Email Template 2459 - Forgot Password vietnamese,archive/do-not-use,crm-email-template,2459,restricted-redacted-safe-routing,True,Old CRM automated/system event template or credential/reset workflow; not a hand-reply signature.,Do not use for client replies; replace with Mercury safe reply pack when needed.,.htm; .txt; .rtf,C:\Users\uscap\AppData\Roaming\Microsoft\Signatures\Mercury CRM Email Template 2459 - Forgot Password vietnamese.htm,D:\GithubRepos\uscapitalprivatebank-site\crm\sitebackup\source_artifacts\CRM.sql
Mercury CRM Email Template 2461 - Set New Password vietnamese,archive/do-not-use,crm-email-template,2461,restricted-redacted-safe-routing,True,Old CRM automated/system event template or credential/reset workflow; not a hand-reply signature.,Do not use for client replies; replace with Mercury safe reply pack when needed.,.htm; .txt; .rtf,C:\Users\uscap\AppData\Roaming\Microsoft\Signatures\Mercury CRM Email Template 2461 - Set New Password vietnamese.htm,D:\GithubRepos\uscapitalprivatebank-site\crm\sitebackup\source_artifacts\CRM.sql
Mercury CRM Email Template 2462 - Forgot Password vietnamese,archive/do-not-use,crm-email-template,2462,restricted-redacted-safe-routing,True,Old CRM automated/system event template or credential/reset workflow; not a hand-reply signature.,Do not use for client replies; replace with Mercury safe reply pack when needed.,.htm; .txt; .rtf,C:\Users\uscap\AppData\Roaming\Microsoft\Signatures\Mercury CRM Email Template 2462 - Forgot Password vietnamese.htm,D:\GithubRepos\uscapitalprivatebank-site\crm\sitebackup\source_artifacts\CRM.sql
Mercury CRM Email Template 25 - New Comment (Sent to Staff),archive/do-not-use,crm-email-template,25,routine-safe,False,Old CRM automated/system event template or credential/reset workflow; not a hand-reply signature.,Do not use for client replies; replace with Mercury safe reply pack when needed.,.htm; .txt; .rtf,C:\Users\uscap\AppData\Roaming\Microsoft\Signatures\Mercury CRM Email Template 25 - New Comment (Sent to Staff).htm,D:\GithubRepos\uscapitalprivatebank-site\crm\sitebackup\source_artifacts\CRM.sql
Mercury CRM Email Template 2512 - Reminder,useful-after-polish,crm-email-template,2512,routine-safe,False,CRM email template may contain useful customer-service wording but requires shortening/polish before use.,Polish into short client-specific reply before sending.,.htm; .txt; .rtf,C:\Users\uscap\AppData\Roaming\Microsoft\Signatures\Mercury CRM Email Template 2512 - Reminder.htm,D:\GithubRepos\uscapitalprivatebank-site\crm\sitebackup\source_artifacts\CRM.sql
Mercury CRM Email Template 2513 - Reminder bulgarian,archive/do-not-use,crm-email-template,2513,routine-safe,False,Old CRM automated/system event template or credential/reset workflow; not a hand-reply signature.,Do not use for client replies; replace with Mercury safe reply pack when needed.,.htm; .txt; .rtf,C:\Users\uscap\AppData\Roaming\Microsoft\Signatures\Mercury CRM Email Template 2513 - Reminder bulgarian.htm,D:\GithubRepos\uscapitalprivatebank-site\crm\sitebackup\source_artifacts\CRM.sql
Mercury CRM Email Template 2514 - Reminder catalan,archive/do-not-use,crm-email-template,2514,routine-safe,False,Old CRM automated/system event template or credential/reset workflow; not a hand-reply signature.,Do not use for client replies; replace with Mercury safe reply pack when needed.,.htm; .txt; .rtf,C:\Users\uscap\AppData\Roaming\Microsoft\Signatures\Mercury CRM Email Template 2514 - Reminder catalan.htm,D:\GithubRepos\uscapitalprivatebank-site\crm\sitebackup\source_artifacts\CRM.sql
Mercury CRM Email Template 2515 - Reminder chinese,archive/do-not-use,crm-email-template,2515,routine-safe,False,Old CRM automated/system event template or credential/reset workflow; not a hand-reply signature.,Do not use for client replies; replace with Mercury safe reply pack when needed.,.htm; .txt; .rtf,C:\Users\uscap\AppData\Roaming\Microsoft\Signatures\Mercury CRM Email Template 2515 - Reminder chinese.htm,D:\GithubRepos\uscapitalprivatebank-site\crm\sitebackup\source_artifacts\CRM.sql
Mercury CRM Email Template 2516 - Reminder czech,archive/do-not-use,crm-email-template,2516,routine-safe,False,Old CRM automated/system event template or credential/reset workflow; not a hand-reply signature.,Do not use for client replies; replace with Mercury safe reply pack when needed.,.htm; .txt; .rtf,C:\Users\uscap\AppData\Roaming\Microsoft\Signatures\Mercury CRM Email Template 2516 - Reminder czech.htm,D:\GithubRepos\uscapitalprivatebank-site\crm\sitebackup\source_artifacts\CRM.sql
Mercury CRM Email Template 2517 - Reminder dutch,archive/do-not-use,crm-email-template,2517,routine-safe,False,Old CRM automated/system event template or credential/reset workflow; not a hand-reply signature.,Do not use for client replies; replace with Mercury safe reply pack when needed.,.htm; .txt; .rtf,C:\Users\uscap\AppData\Roaming\Microsoft\Signatures\Mercury CRM Email Template 2517 - Reminder dutch.htm,D:\GithubRepos\uscapitalprivatebank-site\crm\sitebackup\source_artifacts\CRM.sql
Mercury CRM Email Template 2518 - Reminder finnish,archive/do-not-use,crm-email-template,2518,routine-safe,False,Old CRM automated/system event template or credential/reset workflow; not a hand-reply signature.,Do not use for client replies; replace with Mercury safe reply pack when needed.,.htm; .txt; .rtf,C:\Users\uscap\AppData\Roaming\Microsoft\Signatures\Mercury CRM Email Template 2518 - Reminder finnish.htm,D:\GithubRepos\uscapitalprivatebank-site\crm\sitebackup\source_artifacts\CRM.sql
Mercury CRM Email Template 2519 - Reminder francais_canada,archive/do-not-use,crm-email-template,2519,routine-safe,False,Old CRM automated/system event template or credential/reset workflow; not a hand-reply signature.,Do not use for client replies; replace with Mercury safe reply pack when needed.,.htm; .txt; .rtf,C:\Users\uscap\AppData\Roaming\Microsoft\Signatures\Mercury CRM Email Template 2519 - Reminder francais_canada.htm,D:\GithubRepos\uscapitalprivatebank-site\crm\sitebackup\source_artifacts\CRM.sql
Mercury CRM Email Template 2520 - Reminder french,archive/do-not-use,crm-email-template,2520,routine-safe,False,Old CRM automated/system event template or credential/reset workflow; not a hand-reply signature.,Do not use for client replies; replace with Mercury safe reply pack when needed.,.htm; .txt; .rtf,C:\Users\uscap\AppData\Roaming\Microsoft\Signatures\Mercury CRM Email Template 2520 - Reminder french.htm,D:\GithubRepos\uscapitalprivatebank-site\crm\sitebackup\source_artifacts\CRM.sql
Mercury CRM Email Template 2521 - Reminder german,archive/do-not-use,crm-email-template,2521,routine-safe,False,Old CRM automated/system event template or credential/reset workflow; not a hand-reply signature.,Do not use for client replies; replace with Mercury safe reply pack when needed.,.htm; .txt; .rtf,C:\Users\uscap\AppData\Roaming\Microsoft\Signatures\Mercury CRM Email Template 2521 - Reminder german.htm,D:\GithubRepos\uscapitalprivatebank-site\crm\sitebackup\source_artifacts\CRM.sql
Mercury CRM Email Template 2522 - Reminder greek,archive/do-not-use,crm-email-template,2522,routine-safe,False,Old CRM automated/system event template or credential/reset workflow; not a hand-reply signature.,Do not use for client replies; replace with Mercury safe reply pack when needed.,.htm; .txt; .rtf,C:\Users\uscap\AppData\Roaming\Microsoft\Signatures\Mercury CRM Email Template 2522 - Reminder greek.htm,D:\GithubRepos\uscapitalprivatebank-site\crm\sitebackup\source_artifacts\CRM.sql
Mercury CRM Email Template 2523 - Reminder indonesia,archive/do-not-use,crm-email-template,2523,routine-safe,False,Old CRM automated/system event template or credential/reset workflow; not a hand-reply signature.,Do not use for client replies; replace with Mercury safe reply pack when needed.,.htm; .txt; .rtf,C:\Users\uscap\AppData\Roaming\Microsoft\Signatures\Mercury CRM Email Template 2523 - Reminder indonesia.htm,D:\GithubRepos\uscapitalprivatebank-site\crm\sitebackup\source_artifacts\CRM.sql
Mercury CRM Email Template 2524 - Reminder italian,archive/do-not-use,crm-email-template,2524,routine-safe,False,Old CRM automated/system event template or credential/reset workflow; not a hand-reply signature.,Do not use for client replies; replace with Mercury safe reply pack when needed.,.htm; .txt; .rtf,C:\Users\uscap\AppData\Roaming\Microsoft\Signatures\Mercury CRM Email Template 2524 - Reminder italian.htm,D:\GithubRepos\uscapitalprivatebank-site\crm\sitebackup\source_artifacts\CRM.sql
Mercury CRM Email Template 2525 - Reminder japanese,archive/do-not-use,crm-email-template,2525,routine-safe,False,Old CRM automated/system event template or credential/reset workflow; not a hand-reply signature.,Do not use for client replies; replace with Mercury safe reply pack when needed.,.htm; .txt; .rtf,C:\Users\uscap\AppData\Roaming\Microsoft\Signatures\Mercury CRM Email Template 2525 - Reminder japanese.htm,D:\GithubRepos\uscapitalprivatebank-site\crm\sitebackup\source_artifacts\CRM.sql
Mercury CRM Email Template 2526 - Reminder norwegian,archive/do-not-use,crm-email-template,2526,routine-safe,False,Old CRM automated/system event template or credential/reset workflow; not a hand-reply signature.,Do not use for client replies; replace with Mercury safe reply pack when needed.,.htm; .txt; .rtf,C:\Users\uscap\AppData\Roaming\Microsoft\Signatures\Mercury CRM Email Template 2526 - Reminder norwegian.htm,D:\GithubRepos\uscapitalprivatebank-site\crm\sitebackup\source_artifacts\CRM.sql
Mercury CRM Email Template 2527 - Reminder persian,archive/do-not-use,crm-email-template,2527,routine-safe,False,Old CRM automated/system event template or credential/reset workflow; not a hand-reply signature.,Do not use for client replies; replace with Mercury safe reply pack when needed.,.htm; .txt; .rtf,C:\Users\uscap\AppData\Roaming\Microsoft\Signatures\Mercury CRM Email Template 2527 - Reminder persian.htm,D:\GithubRepos\uscapitalprivatebank-site\crm\sitebackup\source_artifacts\CRM.sql
Mercury CRM Email Template 2528 - Reminder polish,archive/do-not-use,crm-email-template,2528,routine-safe,False,Old CRM automated/system event template or credential/reset workflow; not a hand-reply signature.,Do not use for client replies; replace with Mercury safe reply pack when needed.,.htm; .txt; .rtf,C:\Users\uscap\AppData\Roaming\Microsoft\Signatures\Mercury CRM Email Template 2528 - Reminder polish.htm,D:\GithubRepos\uscapitalprivatebank-site\crm\sitebackup\source_artifacts\CRM.sql
Mercury CRM Email Template 2529 - Reminder portuguese,archive/do-not-use,crm-email-template,2529,routine-safe,False,Old CRM automated/system event template or credential/reset workflow; not a hand-reply signature.,Do not use for client replies; replace with Mercury safe reply pack when needed.,.htm; .txt; .rtf,C:\Users\uscap\AppData\Roaming\Microsoft\Signatures\Mercury CRM Email Template 2529 - Reminder portuguese.htm,D:\GithubRepos\uscapitalprivatebank-site\crm\sitebackup\source_artifacts\CRM.sql
Mercury CRM Email Template 2530 - Reminder portuguese_br,archive/do-not-use,crm-email-template,2530,routine-safe,False,Old CRM automated/system event template or credential/reset workflow; not a hand-reply signature.,Do not use for client replies; replace with Mercury safe reply pack when needed.,.htm; .txt; .rtf,C:\Users\uscap\AppData\Roaming\Microsoft\Signatures\Mercury CRM Email Template 2530 - Reminder portuguese_br.htm,D:\GithubRepos\uscapitalprivatebank-site\crm\sitebackup\source_artifacts\CRM.sql
Mercury CRM Email Template 2531 - Reminder romanian,archive/do-not-use,crm-email-template,2531,routine-safe,False,Old CRM automated/system event template or credential/reset workflow; not a hand-reply signature.,Do not use for client replies; replace with Mercury safe reply pack when needed.,.htm; .txt; .rtf,C:\Users\uscap\AppData\Roaming\Microsoft\Signatures\Mercury CRM Email Template 2531 - Reminder romanian.htm,D:\GithubRepos\uscapitalprivatebank-site\crm\sitebackup\source_artifacts\CRM.sql
Mercury CRM Email Template 2532 - Reminder russian,archive/do-not-use,crm-email-template,2532,routine-safe,False,Old CRM automated/system event template or credential/reset workflow; not a hand-reply signature.,Do not use for client replies; replace with Mercury safe reply pack when needed.,.htm; .txt; .rtf,C:\Users\uscap\AppData\Roaming\Microsoft\Signatures\Mercury CRM Email Template 2532 - Reminder russian.htm,D:\GithubRepos\uscapitalprivatebank-site\crm\sitebackup\source_artifacts\CRM.sql
Mercury CRM Email Template 2533 - Reminder slovak,archive/do-not-use,crm-email-template,2533,routine-safe,False,Old CRM automated/system event template or credential/reset workflow; not a hand-reply signature.,Do not use for client replies; replace with Mercury safe reply pack when needed.,.htm; .txt; .rtf,C:\Users\uscap\AppData\Roaming\Microsoft\Signatures\Mercury CRM Email Template 2533 - Reminder slovak.htm,D:\GithubRepos\uscapitalprivatebank-site\crm\sitebackup\source_artifacts\CRM.sql
Mercury CRM Email Template 2534 - Reminder spanish,archive/do-not-use,crm-email-template,2534,routine-safe,False,Old CRM automated/system event template or credential/reset workflow; not a hand-reply signature.,Do not use for client replies; replace with Mercury safe reply pack when needed.,.htm; .txt; .rtf,C:\Users\uscap\AppData\Roaming\Microsoft\Signatures\Mercury CRM Email Template 2534 - Reminder spanish.htm,D:\GithubRepos\uscapitalprivatebank-site\crm\sitebackup\source_artifacts\CRM.sql
Mercury CRM Email Template 2535 - Reminder swedish,archive/do-not-use,crm-email-template,2535,routine-safe,False,Old CRM automated/system event template or credential/reset workflow; not a hand-reply signature.,Do not use for client replies; replace with Mercury safe reply pack when needed.,.htm; .txt; .rtf,C:\Users\uscap\AppData\Roaming\Microsoft\Signatures\Mercury CRM Email Template 2535 - Reminder swedish.htm,D:\GithubRepos\uscapitalprivatebank-site\crm\sitebackup\source_artifacts\CRM.sql
Mercury CRM Email Template 2536 - Reminder turkish,archive/do-not-use,crm-email-template,2536,routine-safe,False,Old CRM automated/system event template or credential/reset workflow; not a hand-reply signature.,Do not use for client replies; replace with Mercury safe reply pack when needed.,.htm; .txt; .rtf,C:\Users\uscap\AppData\Roaming\Microsoft\Signatures\Mercury CRM Email Template 2536 - Reminder turkish.htm,D:\GithubRepos\uscapitalprivatebank-site\crm\sitebackup\source_artifacts\CRM.sql
Mercury CRM Email Template 2537 - Reminder ukrainian,archive/do-not-use,crm-email-template,2537,routine-safe,False,Old CRM automated/system event template or credential/reset workflow; not a hand-reply signature.,Do not use for client replies; replace with Mercury safe reply pack when needed.,.htm; .txt; .rtf,C:\Users\uscap\AppData\Roaming\Microsoft\Signatures\Mercury CRM Email Template 2537 - Reminder ukrainian.htm,D:\GithubRepos\uscapitalprivatebank-site\crm\sitebackup\source_artifacts\CRM.sql
Mercury CRM Email Template 2538 - Reminder vietnamese,archive/do-not-use,crm-email-template,2538,routine-safe,False,Old CRM automated/system event template or credential/reset workflow; not a hand-reply signature.,Do not use for client replies; replace with Mercury safe reply pack when needed.,.htm; .txt; .rtf,C:\Users\uscap\AppData\Roaming\Microsoft\Signatures\Mercury CRM Email Template 2538 - Reminder vietnamese.htm,D:\GithubRepos\uscapitalprivatebank-site\crm\sitebackup\source_artifacts\CRM.sql
Mercury CRM Email Template 2539 - Appointment Reminder (Reminder send To staff),archive/do-not-use,crm-email-template,2539,routine-safe,False,Old CRM automated/system event template or credential/reset workflow; not a hand-reply signature.,Do not use for client replies; replace with Mercury safe reply pack when needed.,.htm; .txt; .rtf,C:\Users\uscap\AppData\Roaming\Microsoft\Signatures\Mercury CRM Email Template 2539 - Appointment Reminder (Reminder send To staff).htm,D:\GithubRepos\uscapitalprivatebank-site\crm\sitebackup\source_artifacts\CRM.sql
Mercury CRM Email Template 2540 - Appointment Upcoming (Changed upcoming status to the client),useful-after-polish,crm-email-template,2540,routine-safe,False,CRM email template may contain useful customer-service wording but requires shortening/polish before use.,Polish into short client-specific reply before sending.,.htm; .txt; .rtf,C:\Users\uscap\AppData\Roaming\Microsoft\Signatures\Mercury CRM Email Template 2540 - Appointment Upcoming (Changed upcoming status to the client).htm,D:\GithubRepos\uscapitalprivatebank-site\crm\sitebackup\source_artifacts\CRM.sql
Mercury CRM Email Template 2541 - Appointment Approved (Changed approved status to the client),useful-after-polish,crm-email-template,2541,routine-safe,False,CRM email template may contain useful customer-service wording but requires shortening/polish before use.,Polish into short client-specific reply before sending.,.htm; .txt; .rtf,C:\Users\uscap\AppData\Roaming\Microsoft\Signatures\Mercury CRM Email Template 2541 - Appointment Approved (Changed approved status to the client).htm,D:\GithubRepos\uscapitalprivatebank-site\crm\sitebackup\source_artifacts\CRM.sql
Mercury CRM Email Template 2542 - Appointment Missed (Changed missed status to the client),useful-after-polish,crm-email-template,2542,routine-safe,False,CRM email template may contain useful customer-service wording but requires shortening/polish before use.,Polish into short client-specific reply before sending.,.htm; .txt; .rtf,C:\Users\uscap\AppData\Roaming\Microsoft\Signatures\Mercury CRM Email Template 2542 - Appointment Missed (Changed missed status to the client).htm,D:\GithubRepos\uscapitalprivatebank-site\crm\sitebackup\source_artifacts\CRM.sql
Mercury CRM Email Template 2543 - Appointment Cancelled (Changed cancelled status to the client),useful-after-polish,crm-email-template,2543,routine-safe,False,CRM email template may contain useful customer-service wording but requires shortening/polish before use.,Polish into short client-specific reply before sending.,.htm; .txt; .rtf,C:\Users\uscap\AppData\Roaming\Microsoft\Signatures\Mercury CRM Email Template 2543 - Appointment Cancelled (Changed cancelled status to the client).htm,D:\GithubRepos\uscapitalprivatebank-site\crm\sitebackup\source_artifacts\CRM.sql
Mercury CRM Email Template 2544 - Appointment Reminder (Reminder send To client),archive/do-not-use,crm-email-template,2544,routine-safe,False,Old CRM automated/system event template or credential/reset workflow; not a hand-reply signature.,Do not use for client replies; replace with Mercury safe reply pack when needed.,.htm; .txt; .rtf,C:\Users\uscap\AppData\Roaming\Microsoft\Signatures\Mercury CRM Email Template 2544 - Appointment Reminder (Reminder send To client).htm,D:\GithubRepos\uscapitalprivatebank-site\crm\sitebackup\source_artifacts\CRM.sql
Mercury CRM Email Template 2545 - Appointment Booked (Notification send To client),archive/do-not-use,crm-email-template,2545,routine-safe,False,Old CRM automated/system event template or credential/reset workflow; not a hand-reply signature.,Do not use for client replies; replace with Mercury safe reply pack when needed.,.htm; .txt; .rtf,C:\Users\uscap\AppData\Roaming\Microsoft\Signatures\Mercury CRM Email Template 2545 - Appointment Booked (Notification send To client).htm,D:\GithubRepos\uscapitalprivatebank-site\crm\sitebackup\source_artifacts\CRM.sql
Mercury CRM Email Template 2546 - Appointment Booked (Notification send To staff),archive/do-not-use,crm-email-template,2546,routine-safe,False,Old CRM automated/system event template or credential/reset workflow; not a hand-reply signature.,Do not use for client replies; replace with Mercury safe reply pack when needed.,.htm; .txt; .rtf,C:\Users\uscap\AppData\Roaming\Microsoft\Signatures\Mercury CRM Email Template 2546 - Appointment Booked (Notification send To staff).htm,D:\GithubRepos\uscapitalprivatebank-site\crm\sitebackup\source_artifacts\CRM.sql
Mercury CRM Email Template 2547 - Appointment Booked and wait for approval (Approval Notification send To client),archive/do-not-use,crm-email-template,2547,restricted-safe-routing,False,Old CRM automated/system event template or credential/reset workflow; not a hand-reply signature.,Do not use for client replies; replace with Mercury safe reply pack when needed.,.htm; .txt; .rtf,C:\Users\uscap\AppData\Roaming\Microsoft\Signatures\Mercury CRM Email Template 2547 - Appointment Booked and wait for approval (Approval Notification send To client).htm,D:\GithubRepos\uscapitalprivatebank-site\crm\sitebackup\source_artifacts\CRM.sql
Mercury CRM Email Template 2548 - Appointment Booked and wait for approval (Approval Notification send To staff),archive/do-not-use,crm-email-template,2548,restricted-safe-routing,False,Old CRM automated/system event template or credential/reset workflow; not a hand-reply signature.,Do not use for client replies; replace with Mercury safe reply pack when needed.,.htm; .txt; .rtf,C:\Users\uscap\AppData\Roaming\Microsoft\Signatures\Mercury CRM Email Template 2548 - Appointment Booked and wait for approval (Approval Notification send To staff).htm,D:\GithubRepos\uscapitalprivatebank-site\crm\sitebackup\source_artifacts\CRM.sql
Mercury CRM Email Template 2549 - Appointment Other status (Status Notification send To client),archive/do-not-use,crm-email-template,2549,routine-safe,False,Old CRM automated/system event template or credential/reset workflow; not a hand-reply signature.,Do not use for client replies; replace with Mercury safe reply pack when needed.,.htm; .txt; .rtf,C:\Users\uscap\AppData\Roaming\Microsoft\Signatures\Mercury CRM Email Template 2549 - Appointment Other status (Status Notification send To client).htm,D:\GithubRepos\uscapitalprivatebank-site\crm\sitebackup\source_artifacts\CRM.sql
Mercury CRM Email Template 26 - Thank You Email (Sent to Customer After Accept),restricted-routing-only,crm-email-template,26,restricted-safe-routing,False,Old CRM template touched restricted subject matter and was redacted to safe portal/escalation language.,Use only as source context; prefer IDs 119-136 or Aurora-safe pack.,.htm; .txt; .rtf,C:\Users\uscap\AppData\Roaming\Microsoft\Signatures\Mercury CRM Email Template 26 - Thank You Email (Sent to Customer After Accept).htm,D:\GithubRepos\uscapitalprivatebank-site\crm\sitebackup\source_artifacts\CRM.sql
Mercury CRM Email Template 27 - Task Deadline Reminder - Sent to Assigned Members,archive/do-not-use,crm-email-template,27,routine-safe,False,Old CRM automated/system event template or credential/reset workflow; not a hand-reply signature.,Do not use for client replies; replace with Mercury safe reply pack when needed.,.htm; .txt; .rtf,C:\Users\uscap\AppData\Roaming\Microsoft\Signatures\Mercury CRM Email Template 27 - Task Deadline Reminder - Sent to Assigned Members.htm,D:\GithubRepos\uscapitalprivatebank-site\crm\sitebackup\source_artifacts\CRM.sql
Mercury CRM Email Template 28 - Send Contract to Customer,restricted-routing-only,crm-email-template,28,restricted-safe-routing,False,Old CRM template touched restricted subject matter and was redacted to safe portal/escalation language.,Use only as source context; prefer IDs 119-136 or Aurora-safe pack.,.htm; .txt; .rtf,C:\Users\uscap\AppData\Roaming\Microsoft\Signatures\Mercury CRM Email Template 28 - Send Contract to Customer.htm,D:\GithubRepos\uscapitalprivatebank-site\crm\sitebackup\source_artifacts\CRM.sql
Mercury CRM Email Template 29 - Invoice Payment Recorded (Sent to Staff),archive/do-not-use,crm-email-template,29,routine-safe,False,Old CRM automated/system event template or credential/reset workflow; not a hand-reply signature.,Do not use for client replies; replace with Mercury safe reply pack when needed.,.htm; .txt; .rtf,C:\Users\uscap\AppData\Roaming\Microsoft\Signatures\Mercury CRM Email Template 29 - Invoice Payment Recorded (Sent to Staff).htm,D:\GithubRepos\uscapitalprivatebank-site\crm\sitebackup\source_artifacts\CRM.sql
Mercury CRM Email Template 3 - New Ticket Opened (Opened by Staff Sent to Customer),useful-after-polish,crm-email-template,3,routine-safe,False,CRM email template may contain useful customer-service wording but requires shortening/polish before use.,Polish into short client-specific reply before sending.,.htm; .txt; .rtf,C:\Users\uscap\AppData\Roaming\Microsoft\Signatures\Mercury CRM Email Template 3 - New Ticket Opened (Opened by Staff Sent to Customer).htm,D:\GithubRepos\uscapitalprivatebank-site\crm\sitebackup\source_artifacts\CRM.sql
Mercury CRM Email Template 30 - Auto Close Ticket,useful-after-polish,crm-email-template,30,routine-safe,False,CRM email template may contain useful customer-service wording but requires shortening/polish before use.,Polish into short client-specific reply before sending.,.htm; .txt; .rtf,C:\Users\uscap\AppData\Roaming\Microsoft\Signatures\Mercury CRM Email Template 30 - Auto Close Ticket.htm,D:\GithubRepos\uscapitalprivatebank-site\crm\sitebackup\source_artifacts\CRM.sql
Mercury CRM Email Template 31 - New Project Discussion (Sent to Project Members),useful-after-polish,crm-email-template,31,routine-safe,False,CRM email template may contain useful customer-service wording but requires shortening/polish before use.,Polish into short client-specific reply before sending.,.htm; .txt; .rtf,C:\Users\uscap\AppData\Roaming\Microsoft\Signatures\Mercury CRM Email Template 31 - New Project Discussion (Sent to Project Members).htm,D:\GithubRepos\uscapitalprivatebank-site\crm\sitebackup\source_artifacts\CRM.sql
Mercury CRM Email Template 32 - New Project Discussion (Sent to Customer Contacts),useful-after-polish,crm-email-template,32,routine-safe,False,CRM email template may contain useful customer-service wording but requires shortening/polish before use.,Polish into short client-specific reply before sending.,.htm; .txt; .rtf,C:\Users\uscap\AppData\Roaming\Microsoft\Signatures\Mercury CRM Email Template 32 - New Project Discussion (Sent to Customer Contacts).htm,D:\GithubRepos\uscapitalprivatebank-site\crm\sitebackup\source_artifacts\CRM.sql
Mercury CRM Email Template 320 - Forgot Password chinese,archive/do-not-use,crm-email-template,320,restricted-redacted-safe-routing,True,Old CRM automated/system event template or credential/reset workflow; not a hand-reply signature.,Do not use for client replies; replace with Mercury safe reply pack when needed.,.htm; .txt; .rtf,C:\Users\uscap\AppData\Roaming\Microsoft\Signatures\Mercury CRM Email Template 320 - Forgot Password chinese.htm,D:\GithubRepos\uscapitalprivatebank-site\crm\sitebackup\source_artifacts\CRM.sql
Mercury CRM Email Template 322 - Set New Password chinese,archive/do-not-use,crm-email-template,322,restricted-redacted-safe-routing,True,Old CRM automated/system event template or credential/reset workflow; not a hand-reply signature.,Do not use for client replies; replace with Mercury safe reply pack when needed.,.htm; .txt; .rtf,C:\Users\uscap\AppData\Roaming\Microsoft\Signatures\Mercury CRM Email Template 322 - Set New Password chinese.htm,D:\GithubRepos\uscapitalprivatebank-site\crm\sitebackup\source_artifacts\CRM.sql
Mercury CRM Email Template 323 - Forgot Password chinese,archive/do-not-use,crm-email-template,323,restricted-redacted-safe-routing,True,Old CRM automated/system event template or credential/reset workflow; not a hand-reply signature.,Do not use for client replies; replace with Mercury safe reply pack when needed.,.htm; .txt; .rtf,C:\Users\uscap\AppData\Roaming\Microsoft\Signatures\Mercury CRM Email Template 323 - Forgot Password chinese.htm,D:\GithubRepos\uscapitalprivatebank-site\crm\sitebackup\source_artifacts\CRM.sql
Mercury CRM Email Template 33 - New Project File(s) Uploaded (Sent to Customer Contacts),useful-after-polish,crm-email-template,33,routine-safe,False,CRM email template may contain useful customer-service wording but requires shortening/polish before use.,Polish into short client-specific reply before sending.,.htm; .txt; .rtf,C:\Users\uscap\AppData\Roaming\Microsoft\Signatures\Mercury CRM Email Template 33 - New Project File(s) Uploaded (Sent to Customer Contacts).htm,D:\GithubRepos\uscapitalprivatebank-site\crm\sitebackup\source_artifacts\CRM.sql
Mercury CRM Email Template 34 - New Project File(s) Uploaded (Sent to Project Members),useful-after-polish,crm-email-template,34,routine-safe,False,CRM email template may contain useful customer-service wording but requires shortening/polish before use.,Polish into short client-specific reply before sending.,.htm; .txt; .rtf,C:\Users\uscap\AppData\Roaming\Microsoft\Signatures\Mercury CRM Email Template 34 - New Project File(s) Uploaded (Sent to Project Members).htm,D:\GithubRepos\uscapitalprivatebank-site\crm\sitebackup\source_artifacts\CRM.sql
Mercury CRM Email Template 35 - New Discussion Comment (Sent to Customer Contacts),useful-after-polish,crm-email-template,35,routine-safe,False,CRM email template may contain useful customer-service wording but requires shortening/polish before use.,Polish into short client-specific reply before sending.,.htm; .txt; .rtf,C:\Users\uscap\AppData\Roaming\Microsoft\Signatures\Mercury CRM Email Template 35 - New Discussion Comment (Sent to Customer Contacts).htm,D:\GithubRepos\uscapitalprivatebank-site\crm\sitebackup\source_artifacts\CRM.sql
Mercury CRM Email Template 36 - New Discussion Comment (Sent to Project Members),useful-after-polish,crm-email-template,36,routine-safe,False,CRM email template may contain useful customer-service wording but requires shortening/polish before use.,Polish into short client-specific reply before sending.,.htm; .txt; .rtf,C:\Users\uscap\AppData\Roaming\Microsoft\Signatures\Mercury CRM Email Template 36 - New Discussion Comment (Sent to Project Members).htm,D:\GithubRepos\uscapitalprivatebank-site\crm\sitebackup\source_artifacts\CRM.sql
Mercury CRM Email Template 37 - Staff Added as Project Member,useful-after-polish,crm-email-template,37,routine-safe,False,CRM email template may contain useful customer-service wording but requires shortening/polish before use.,Polish into short client-specific reply before sending.,.htm; .txt; .rtf,C:\Users\uscap\AppData\Roaming\Microsoft\Signatures\Mercury CRM Email Template 37 - Staff Added as Project Member.htm,D:\GithubRepos\uscapitalprivatebank-site\crm\sitebackup\source_artifacts\CRM.sql
Mercury CRM Email Template 38 - Estimate Expiration Reminder,archive/do-not-use,crm-email-template,38,routine-safe,False,Old CRM automated/system event template or credential/reset workflow; not a hand-reply signature.,Do not use for client replies; replace with Mercury safe reply pack when needed.,.htm; .txt; .rtf,C:\Users\uscap\AppData\Roaming\Microsoft\Signatures\Mercury CRM Email Template 38 - Estimate Expiration Reminder.htm,D:\GithubRepos\uscapitalprivatebank-site\crm\sitebackup\source_artifacts\CRM.sql
Mercury CRM Email Template 39 - Proposal Expiration Reminder,archive/do-not-use,crm-email-template,39,routine-safe,False,Old CRM automated/system event template or credential/reset workflow; not a hand-reply signature.,Do not use for client replies; replace with Mercury safe reply pack when needed.,.htm; .txt; .rtf,C:\Users\uscap\AppData\Roaming\Microsoft\Signatures\Mercury CRM Email Template 39 - Proposal Expiration Reminder.htm,D:\GithubRepos\uscapitalprivatebank-site\crm\sitebackup\source_artifacts\CRM.sql
Mercury CRM Email Template 4 - Ticket Reply (Sent to Customer),useful-after-polish,crm-email-template,4,routine-safe,False,CRM email template may contain useful customer-service wording but requires shortening/polish before use.,Polish into short client-specific reply before sending.,.htm; .txt; .rtf,C:\Users\uscap\AppData\Roaming\Microsoft\Signatures\Mercury CRM Email Template 4 - Ticket Reply (Sent to Customer).htm,D:\GithubRepos\uscapitalprivatebank-site\crm\sitebackup\source_artifacts\CRM.sql
Mercury CRM Email Template 40 - New Staff Created (Welcome Email),archive/do-not-use,crm-email-template,40,restricted-redacted-safe-routing,True,Old CRM automated/system event template or credential/reset workflow; not a hand-reply signature.,Do not use for client replies; replace with Mercury safe reply pack when needed.,.htm; .txt; .rtf,C:\Users\uscap\AppData\Roaming\Microsoft\Signatures\Mercury CRM Email Template 40 - New Staff Created (Welcome Email).htm,D:\GithubRepos\uscapitalprivatebank-site\crm\sitebackup\source_artifacts\CRM.sql
Mercury CRM Email Template 41 - Forgot Password,archive/do-not-use,crm-email-template,41,restricted-redacted-safe-routing,True,Old CRM automated/system event template or credential/reset workflow; not a hand-reply signature.,Do not use for client replies; replace with Mercury safe reply pack when needed.,.htm; .txt; .rtf,C:\Users\uscap\AppData\Roaming\Microsoft\Signatures\Mercury CRM Email Template 41 - Forgot Password.htm,D:\GithubRepos\uscapitalprivatebank-site\crm\sitebackup\source_artifacts\CRM.sql
Mercury CRM Email Template 413 - Forgot Password czech,archive/do-not-use,crm-email-template,413,restricted-redacted-safe-routing,True,Old CRM automated/system event template or credential/reset workflow; not a hand-reply signature.,Do not use for client replies; replace with Mercury safe reply pack when needed.,.htm; .txt; .rtf,C:\Users\uscap\AppData\Roaming\Microsoft\Signatures\Mercury CRM Email Template 413 - Forgot Password czech.htm,D:\GithubRepos\uscapitalprivatebank-site\crm\sitebackup\source_artifacts\CRM.sql
Mercury CRM Email Template 415 - Set New Password czech,archive/do-not-use,crm-email-template,415,restricted-redacted-safe-routing,True,Old CRM automated/system event template or credential/reset workflow; not a hand-reply signature.,Do not use for client replies; replace with Mercury safe reply pack when needed.,.htm; .txt; .rtf,C:\Users\uscap\AppData\Roaming\Microsoft\Signatures\Mercury CRM Email Template 415 - Set New Password czech.htm,D:\GithubRepos\uscapitalprivatebank-site\crm\sitebackup\source_artifacts\CRM.sql
Mercury CRM Email Template 416 - Forgot Password czech,archive/do-not-use,crm-email-template,416,restricted-redacted-safe-routing,True,Old CRM automated/system event template or credential/reset workflow; not a hand-reply signature.,Do not use for client replies; replace with Mercury safe reply pack when needed.,.htm; .txt; .rtf,C:\Users\uscap\AppData\Roaming\Microsoft\Signatures\Mercury CRM Email Template 416 - Forgot Password czech.htm,D:\GithubRepos\uscapitalprivatebank-site\crm\sitebackup\source_artifacts\CRM.sql
Mercury CRM Email Template 42 - Password Reset - Confirmation,archive/do-not-use,crm-email-template,42,routine-safe,False,Old CRM automated/system event template or credential/reset workflow; not a hand-reply signature.,Do not use for client replies; replace with Mercury safe reply pack when needed.,.htm; .txt; .rtf,C:\Users\uscap\AppData\Roaming\Microsoft\Signatures\Mercury CRM Email Template 42 - Password Reset - Confirmation.htm,D:\GithubRepos\uscapitalprivatebank-site\crm\sitebackup\source_artifacts\CRM.sql
Mercury CRM Email Template 43 - Set New Password,archive/do-not-use,crm-email-template,43,restricted-redacted-safe-routing,True,Old CRM automated/system event template or credential/reset workflow; not a hand-reply signature.,Do not use for client replies; replace with Mercury safe reply pack when needed.,.htm; .txt; .rtf,C:\Users\uscap\AppData\Roaming\Microsoft\Signatures\Mercury CRM Email Template 43 - Set New Password.htm,D:\GithubRepos\uscapitalprivatebank-site\crm\sitebackup\source_artifacts\CRM.sql
Mercury CRM Email Template 44 - Forgot Password,archive/do-not-use,crm-email-template,44,restricted-redacted-safe-routing,True,Old CRM automated/system event template or credential/reset workflow; not a hand-reply signature.,Do not use for client replies; replace with Mercury safe reply pack when needed.,.htm; .txt; .rtf,C:\Users\uscap\AppData\Roaming\Microsoft\Signatures\Mercury CRM Email Template 44 - Forgot Password.htm,D:\GithubRepos\uscapitalprivatebank-site\crm\sitebackup\source_artifacts\CRM.sql
Mercury CRM Email Template 45 - Password Reset - Confirmation,archive/do-not-use,crm-email-template,45,routine-safe,False,Old CRM automated/system event template or credential/reset workflow; not a hand-reply signature.,Do not use for client replies; replace with Mercury safe reply pack when needed.,.htm; .txt; .rtf,C:\Users\uscap\AppData\Roaming\Microsoft\Signatures\Mercury CRM Email Template 45 - Password Reset - Confirmation.htm,D:\GithubRepos\uscapitalprivatebank-site\crm\sitebackup\source_artifacts\CRM.sql
Mercury CRM Email Template 46 - New Project Created (Sent to Customer Contacts),restricted-routing-only,crm-email-template,46,restricted-safe-routing,False,Old CRM template touched restricted subject matter and was redacted to safe portal/escalation language.,Use only as source context; prefer IDs 119-136 or Aurora-safe pack.,.htm; .txt; .rtf,C:\Users\uscap\AppData\Roaming\Microsoft\Signatures\Mercury CRM Email Template 46 - New Project Created (Sent to Customer Contacts).htm,D:\GithubRepos\uscapitalprivatebank-site\crm\sitebackup\source_artifacts\CRM.sql
Mercury CRM Email Template 47 - New Attachment(s) on Task (Sent to Customer Contacts),archive/do-not-use,crm-email-template,47,routine-safe,False,Old CRM automated/system event template or credential/reset workflow; not a hand-reply signature.,Do not use for client replies; replace with Mercury safe reply pack when needed.,.htm; .txt; .rtf,C:\Users\uscap\AppData\Roaming\Microsoft\Signatures\Mercury CRM Email Template 47 - New Attachment(s) on Task (Sent to Customer Contacts).htm,D:\GithubRepos\uscapitalprivatebank-site\crm\sitebackup\source_artifacts\CRM.sql
Mercury CRM Email Template 48 - New Comment on Task (Sent to Customer Contacts),archive/do-not-use,crm-email-template,48,routine-safe,False,Old CRM automated/system event template or credential/reset workflow; not a hand-reply signature.,Do not use for client replies; replace with Mercury safe reply pack when needed.,.htm; .txt; .rtf,C:\Users\uscap\AppData\Roaming\Microsoft\Signatures\Mercury CRM Email Template 48 - New Comment on Task (Sent to Customer Contacts).htm,D:\GithubRepos\uscapitalprivatebank-site\crm\sitebackup\source_artifacts\CRM.sql
Mercury CRM Email Template 49 - New Lead Assigned to Staff Member,archive/do-not-use,crm-email-template,49,routine-safe,False,Old CRM automated/system event template or credential/reset workflow; not a hand-reply signature.,Do not use for client replies; replace with Mercury safe reply pack when needed.,.htm; .txt; .rtf,C:\Users\uscap\AppData\Roaming\Microsoft\Signatures\Mercury CRM Email Template 49 - New Lead Assigned to Staff Member.htm,D:\GithubRepos\uscapitalprivatebank-site\crm\sitebackup\source_artifacts\CRM.sql
Mercury CRM Email Template 5 - New Ticket Opened - Autoresponse,archive/do-not-use,crm-email-template,5,routine-safe,False,Old CRM automated/system event template or credential/reset workflow; not a hand-reply signature.,Do not use for client replies; replace with Mercury safe reply pack when needed.,.htm; .txt; .rtf,C:\Users\uscap\AppData\Roaming\Microsoft\Signatures\Mercury CRM Email Template 5 - New Ticket Opened - Autoresponse.htm,D:\GithubRepos\uscapitalprivatebank-site\crm\sitebackup\source_artifacts\CRM.sql
Mercury CRM Email Template 50 - Statement - Account Summary,restricted-routing-only,crm-email-template,50,restricted-safe-routing,False,Old CRM template touched restricted subject matter and was redacted to safe portal/escalation language.,Use only as source context; prefer IDs 119-136 or Aurora-safe pack.,.htm; .txt; .rtf,C:\Users\uscap\AppData\Roaming\Microsoft\Signatures\Mercury CRM Email Template 50 - Statement - Account Summary.htm,D:\GithubRepos\uscapitalprivatebank-site\crm\sitebackup\source_artifacts\CRM.sql
Mercury CRM Email Template 506 - Forgot Password dutch,archive/do-not-use,crm-email-template,506,restricted-redacted-safe-routing,True,Old CRM automated/system event template or credential/reset workflow; not a hand-reply signature.,Do not use for client replies; replace with Mercury safe reply pack when needed.,.htm; .txt; .rtf,C:\Users\uscap\AppData\Roaming\Microsoft\Signatures\Mercury CRM Email Template 506 - Forgot Password dutch.htm,D:\GithubRepos\uscapitalprivatebank-site\crm\sitebackup\source_artifacts\CRM.sql
Mercury CRM Email Template 508 - Set New Password dutch,archive/do-not-use,crm-email-template,508,restricted-redacted-safe-routing,True,Old CRM automated/system event template or credential/reset workflow; not a hand-reply signature.,Do not use for client replies; replace with Mercury safe reply pack when needed.,.htm; .txt; .rtf,C:\Users\uscap\AppData\Roaming\Microsoft\Signatures\Mercury CRM Email Template 508 - Set New Password dutch.htm,D:\GithubRepos\uscapitalprivatebank-site\crm\sitebackup\source_artifacts\CRM.sql
Mercury CRM Email Template 509 - Forgot Password dutch,archive/do-not-use,crm-email-template,509,restricted-redacted-safe-routing,True,Old CRM automated/system event template or credential/reset workflow; not a hand-reply signature.,Do not use for client replies; replace with Mercury safe reply pack when needed.,.htm; .txt; .rtf,C:\Users\uscap\AppData\Roaming\Microsoft\Signatures\Mercury CRM Email Template 509 - Forgot Password dutch.htm,D:\GithubRepos\uscapitalprivatebank-site\crm\sitebackup\source_artifacts\CRM.sql
Mercury CRM Email Template 51 - New Ticket Assigned (Sent to Staff),archive/do-not-use,crm-email-template,51,routine-safe,False,Old CRM automated/system event template or credential/reset workflow; not a hand-reply signature.,Do not use for client replies; replace with Mercury safe reply pack when needed.,.htm; .txt; .rtf,C:\Users\uscap\AppData\Roaming\Microsoft\Signatures\Mercury CRM Email Template 51 - New Ticket Assigned (Sent to Staff).htm,D:\GithubRepos\uscapitalprivatebank-site\crm\sitebackup\source_artifacts\CRM.sql
Mercury CRM Email Template 52 - New Customer Registration (Sent to admins),useful-after-polish,crm-email-template,52,routine-safe,False,CRM email template may contain useful customer-service wording but requires shortening/polish before use.,Polish into short client-specific reply before sending.,.htm; .txt; .rtf,C:\Users\uscap\AppData\Roaming\Microsoft\Signatures\Mercury CRM Email Template 52 - New Customer Registration (Sent to admins).htm,D:\GithubRepos\uscapitalprivatebank-site\crm\sitebackup\source_artifacts\CRM.sql
Mercury CRM Email Template 53 - Web to lead form submitted - Sent to lead,useful-after-polish,crm-email-template,53,routine-safe,False,CRM email template may contain useful customer-service wording but requires shortening/polish before use.,Polish into short client-specific reply before sending.,.htm; .txt; .rtf,C:\Users\uscap\AppData\Roaming\Microsoft\Signatures\Mercury CRM Email Template 53 - Web to lead form submitted - Sent to lead.htm,D:\GithubRepos\uscapitalprivatebank-site\crm\sitebackup\source_artifacts\CRM.sql
Mercury CRM Email Template 54 - Two Factor Authentication,useful-after-polish,crm-email-template,54,routine-safe,False,CRM email template may contain useful customer-service wording but requires shortening/polish before use.,Polish into short client-specific reply before sending.,.htm; .txt; .rtf,C:\Users\uscap\AppData\Roaming\Microsoft\Signatures\Mercury CRM Email Template 54 - Two Factor Authentication.htm,D:\GithubRepos\uscapitalprivatebank-site\crm\sitebackup\source_artifacts\CRM.sql
Mercury CRM Email Template 55 - Project Marked as Finished (Sent to Customer Contacts),useful-after-polish,crm-email-template,55,routine-safe,False,CRM email template may contain useful customer-service wording but requires shortening/polish before use.,Polish into short client-specific reply before sending.,.htm; .txt; .rtf,C:\Users\uscap\AppData\Roaming\Microsoft\Signatures\Mercury CRM Email Template 55 - Project Marked as Finished (Sent to Customer Contacts).htm,D:\GithubRepos\uscapitalprivatebank-site\crm\sitebackup\source_artifacts\CRM.sql
Mercury CRM Email Template 56 - Send Credit Note To Email,useful-after-polish,crm-email-template,56,routine-safe,False,CRM email template may contain useful customer-service wording but requires shortening/polish before use.,Polish into short client-specific reply before sending.,.htm; .txt; .rtf,C:\Users\uscap\AppData\Roaming\Microsoft\Signatures\Mercury CRM Email Template 56 - Send Credit Note To Email.htm,D:\GithubRepos\uscapitalprivatebank-site\crm\sitebackup\source_artifacts\CRM.sql
Mercury CRM Email Template 57 - Task Status Changed (Sent to Staff),archive/do-not-use,crm-email-template,57,routine-safe,False,Old CRM automated/system event template or credential/reset workflow; not a hand-reply signature.,Do not use for client replies; replace with Mercury safe reply pack when needed.,.htm; .txt; .rtf,C:\Users\uscap\AppData\Roaming\Microsoft\Signatures\Mercury CRM Email Template 57 - Task Status Changed (Sent to Staff).htm,D:\GithubRepos\uscapitalprivatebank-site\crm\sitebackup\source_artifacts\CRM.sql
Mercury CRM Email Template 58 - Task Status Changed (Sent to Customer Contacts),archive/do-not-use,crm-email-template,58,routine-safe,False,Old CRM automated/system event template or credential/reset workflow; not a hand-reply signature.,Do not use for client replies; replace with Mercury safe reply pack when needed.,.htm; .txt; .rtf,C:\Users\uscap\AppData\Roaming\Microsoft\Signatures\Mercury CRM Email Template 58 - Task Status Changed (Sent to Customer Contacts).htm,D:\GithubRepos\uscapitalprivatebank-site\crm\sitebackup\source_artifacts\CRM.sql
Mercury CRM Email Template 59 - Staff Reminder Email,archive/do-not-use,crm-email-template,59,routine-safe,False,Old CRM automated/system event template or credential/reset workflow; not a hand-reply signature.,Do not use for client replies; replace with Mercury safe reply pack when needed.,.htm; .txt; .rtf,C:\Users\uscap\AppData\Roaming\Microsoft\Signatures\Mercury CRM Email Template 59 - Staff Reminder Email.htm,D:\GithubRepos\uscapitalprivatebank-site\crm\sitebackup\source_artifacts\CRM.sql
Mercury CRM Email Template 599 - Forgot Password finnish,archive/do-not-use,crm-email-template,599,restricted-redacted-safe-routing,True,Old CRM automated/system event template or credential/reset workflow; not a hand-reply signature.,Do not use for client replies; replace with Mercury safe reply pack when needed.,.htm; .txt; .rtf,C:\Users\uscap\AppData\Roaming\Microsoft\Signatures\Mercury CRM Email Template 599 - Forgot Password finnish.htm,D:\GithubRepos\uscapitalprivatebank-site\crm\sitebackup\source_artifacts\CRM.sql
Mercury CRM Email Template 6 - Invoice Payment Recorded (Sent to Customer),archive/do-not-use,crm-email-template,6,restricted-safe-routing,False,Old CRM automated/system event template or credential/reset workflow; not a hand-reply signature.,Do not use for client replies; replace with Mercury safe reply pack when needed.,.htm; .txt; .rtf,C:\Users\uscap\AppData\Roaming\Microsoft\Signatures\Mercury CRM Email Template 6 - Invoice Payment Recorded (Sent to Customer).htm,D:\GithubRepos\uscapitalprivatebank-site\crm\sitebackup\source_artifacts\CRM.sql
Mercury CRM Email Template 60 - New Comment (Sent to Customer Contacts),useful-after-polish,crm-email-template,60,routine-safe,False,CRM email template may contain useful customer-service wording but requires shortening/polish before use.,Polish into short client-specific reply before sending.,.htm; .txt; .rtf,C:\Users\uscap\AppData\Roaming\Microsoft\Signatures\Mercury CRM Email Template 60 - New Comment (Sent to Customer Contacts).htm,D:\GithubRepos\uscapitalprivatebank-site\crm\sitebackup\source_artifacts\CRM.sql
Mercury CRM Email Template 601 - Set New Password finnish,archive/do-not-use,crm-email-template,601,restricted-redacted-safe-routing,True,Old CRM automated/system event template or credential/reset workflow; not a hand-reply signature.,Do not use for client replies; replace with Mercury safe reply pack when needed.,.htm; .txt; .rtf,C:\Users\uscap\AppData\Roaming\Microsoft\Signatures\Mercury CRM Email Template 601 - Set New Password finnish.htm,D:\GithubRepos\uscapitalprivatebank-site\crm\sitebackup\source_artifacts\CRM.sql
Mercury CRM Email Template 602 - Forgot Password finnish,archive/do-not-use,crm-email-template,602,restricted-redacted-safe-routing,True,Old CRM automated/system event template or credential/reset workflow; not a hand-reply signature.,Do not use for client replies; replace with Mercury safe reply pack when needed.,.htm; .txt; .rtf,C:\Users\uscap\AppData\Roaming\Microsoft\Signatures\Mercury CRM Email Template 602 - Forgot Password finnish.htm,D:\GithubRepos\uscapitalprivatebank-site\crm\sitebackup\source_artifacts\CRM.sql
Mercury CRM Email Template 61 - New Comment (Sent to Staff),archive/do-not-use,crm-email-template,61,routine-safe,False,Old CRM automated/system event template or credential/reset workflow; not a hand-reply signature.,Do not use for client replies; replace with Mercury safe reply pack when needed.,.htm; .txt; .rtf,C:\Users\uscap\AppData\Roaming\Microsoft\Signatures\Mercury CRM Email Template 61 - New Comment (Sent to Staff).htm,D:\GithubRepos\uscapitalprivatebank-site\crm\sitebackup\source_artifacts\CRM.sql
Mercury CRM Email Template 62 - Send Subscription to Customer,useful-after-polish,crm-email-template,62,routine-safe,False,CRM email template may contain useful customer-service wording but requires shortening/polish before use.,Polish into short client-specific reply before sending.,.htm; .txt; .rtf,C:\Users\uscap\AppData\Roaming\Microsoft\Signatures\Mercury CRM Email Template 62 - Send Subscription to Customer.htm,D:\GithubRepos\uscapitalprivatebank-site\crm\sitebackup\source_artifacts\CRM.sql
Mercury CRM Email Template 63 - Subscription Payment Failed,useful-after-polish,crm-email-template,63,routine-safe,False,CRM email template may contain useful customer-service wording but requires shortening/polish before use.,Polish into short client-specific reply before sending.,.htm; .txt; .rtf,C:\Users\uscap\AppData\Roaming\Microsoft\Signatures\Mercury CRM Email Template 63 - Subscription Payment Failed.htm,D:\GithubRepos\uscapitalprivatebank-site\crm\sitebackup\source_artifacts\CRM.sql
Mercury CRM Email Template 64 - Subscription Canceled (Sent to customer primary contact),useful-after-polish,crm-email-template,64,routine-safe,False,CRM email template may contain useful customer-service wording but requires shortening/polish before use.,Polish into short client-specific reply before sending.,.htm; .txt; .rtf,C:\Users\uscap\AppData\Roaming\Microsoft\Signatures\Mercury CRM Email Template 64 - Subscription Canceled (Sent to customer primary contact).htm,D:\GithubRepos\uscapitalprivatebank-site\crm\sitebackup\source_artifacts\CRM.sql
Mercury CRM Email Template 65 - Subscription Payment Succeeded (Sent to customer primary contact),useful-after-polish,crm-email-template,65,routine-safe,False,CRM email template may contain useful customer-service wording but requires shortening/polish before use.,Polish into short client-specific reply before sending.,.htm; .txt; .rtf,C:\Users\uscap\AppData\Roaming\Microsoft\Signatures\Mercury CRM Email Template 65 - Subscription Payment Succeeded (Sent to customer primary contact).htm,D:\GithubRepos\uscapitalprivatebank-site\crm\sitebackup\source_artifacts\CRM.sql
Mercury CRM Email Template 66 - Contract Expiration Reminder (Sent to Staff),archive/do-not-use,crm-email-template,66,routine-safe,False,Old CRM automated/system event template or credential/reset workflow; not a hand-reply signature.,Do not use for client replies; replace with Mercury safe reply pack when needed.,.htm; .txt; .rtf,C:\Users\uscap\AppData\Roaming\Microsoft\Signatures\Mercury CRM Email Template 66 - Contract Expiration Reminder (Sent to Staff).htm,D:\GithubRepos\uscapitalprivatebank-site\crm\sitebackup\source_artifacts\CRM.sql
Mercury CRM Email Template 67 - Removal Request From Contact (Sent to administrators),useful-after-polish,crm-email-template,67,routine-safe,False,CRM email template may contain useful customer-service wording but requires shortening/polish before use.,Polish into short client-specific reply before sending.,.htm; .txt; .rtf,C:\Users\uscap\AppData\Roaming\Microsoft\Signatures\Mercury CRM Email Template 67 - Removal Request From Contact (Sent to administrators).htm,D:\GithubRepos\uscapitalprivatebank-site\crm\sitebackup\source_artifacts\CRM.sql
Mercury CRM Email Template 68 - Removal Request From Lead (Sent to administrators),useful-after-polish,crm-email-template,68,routine-safe,False,CRM email template may contain useful customer-service wording but requires shortening/polish before use.,Polish into short client-specific reply before sending.,.htm; .txt; .rtf,C:\Users\uscap\AppData\Roaming\Microsoft\Signatures\Mercury CRM Email Template 68 - Removal Request From Lead (Sent to administrators).htm,D:\GithubRepos\uscapitalprivatebank-site\crm\sitebackup\source_artifacts\CRM.sql
Mercury CRM Email Template 69 - Customer Registration Confirmed,archive/do-not-use,crm-email-template,69,routine-safe,False,Old CRM automated/system event template or credential/reset workflow; not a hand-reply signature.,Do not use for client replies; replace with Mercury safe reply pack when needed.,.htm; .txt; .rtf,C:\Users\uscap\AppData\Roaming\Microsoft\Signatures\Mercury CRM Email Template 69 - Customer Registration Confirmed.htm,D:\GithubRepos\uscapitalprivatebank-site\crm\sitebackup\source_artifacts\CRM.sql
Mercury CRM Email Template 692 - Forgot Password francais_canada,archive/do-not-use,crm-email-template,692,restricted-redacted-safe-routing,True,Old CRM automated/system event template or credential/reset workflow; not a hand-reply signature.,Do not use for client replies; replace with Mercury safe reply pack when needed.,.htm; .txt; .rtf,C:\Users\uscap\AppData\Roaming\Microsoft\Signatures\Mercury CRM Email Template 692 - Forgot Password francais_canada.htm,D:\GithubRepos\uscapitalprivatebank-site\crm\sitebackup\source_artifacts\CRM.sql
Mercury CRM Email Template 694 - Set New Password francais_canada,archive/do-not-use,crm-email-template,694,restricted-redacted-safe-routing,True,Old CRM automated/system event template or credential/reset workflow; not a hand-reply signature.,Do not use for client replies; replace with Mercury safe reply pack when needed.,.htm; .txt; .rtf,C:\Users\uscap\AppData\Roaming\Microsoft\Signatures\Mercury CRM Email Template 694 - Set New Password francais_canada.htm,D:\GithubRepos\uscapitalprivatebank-site\crm\sitebackup\source_artifacts\CRM.sql
Mercury CRM Email Template 695 - Forgot Password francais_canada,archive/do-not-use,crm-email-template,695,restricted-redacted-safe-routing,True,Old CRM automated/system event template or credential/reset workflow; not a hand-reply signature.,Do not use for client replies; replace with Mercury safe reply pack when needed.,.htm; .txt; .rtf,C:\Users\uscap\AppData\Roaming\Microsoft\Signatures\Mercury CRM Email Template 695 - Forgot Password francais_canada.htm,D:\GithubRepos\uscapitalprivatebank-site\crm\sitebackup\source_artifacts\CRM.sql
Mercury CRM Email Template 7 - Invoice Overdue Notice,archive/do-not-use,crm-email-template,7,routine-safe,False,Old CRM automated/system event template or credential/reset workflow; not a hand-reply signature.,Do not use for client replies; replace with Mercury safe reply pack when needed.,.htm; .txt; .rtf,C:\Users\uscap\AppData\Roaming\Microsoft\Signatures\Mercury CRM Email Template 7 - Invoice Overdue Notice.htm,D:\GithubRepos\uscapitalprivatebank-site\crm\sitebackup\source_artifacts\CRM.sql
Mercury CRM Email Template 70 - Contract Signed (Sent to Staff),archive/do-not-use,crm-email-template,70,routine-safe,False,Old CRM automated/system event template or credential/reset workflow; not a hand-reply signature.,Do not use for client replies; replace with Mercury safe reply pack when needed.,.htm; .txt; .rtf,C:\Users\uscap\AppData\Roaming\Microsoft\Signatures\Mercury CRM Email Template 70 - Contract Signed (Sent to Staff).htm,D:\GithubRepos\uscapitalprivatebank-site\crm\sitebackup\source_artifacts\CRM.sql
Mercury CRM Email Template 71 - Customer Subscribed to a Subscription (Sent to administrators and subscription creator,useful-after-polish,crm-email-template,71,routine-safe,False,CRM email template may contain useful customer-service wording but requires shortening/polish before use.,Polish into short client-specific reply before sending.,.htm; .txt; .rtf,C:\Users\uscap\AppData\Roaming\Microsoft\Signatures\Mercury CRM Email Template 71 - Customer Subscribed to a Subscription (Sent to administrators and subscription creator.htm,D:\GithubRepos\uscapitalprivatebank-site\crm\sitebackup\source_artifacts\CRM.sql
Mercury CRM Email Template 72 - Email Verification (Sent to Contact After Registration),useful-after-polish,crm-email-template,72,routine-safe,False,CRM email template may contain useful customer-service wording but requires shortening/polish before use.,Polish into short client-specific reply before sending.,.htm; .txt; .rtf,C:\Users\uscap\AppData\Roaming\Microsoft\Signatures\Mercury CRM Email Template 72 - Email Verification (Sent to Contact After Registration).htm,D:\GithubRepos\uscapitalprivatebank-site\crm\sitebackup\source_artifacts\CRM.sql
Mercury CRM Email Template 73 - New Customer Profile File(s) Uploaded (Sent to Staff),archive/do-not-use,crm-email-template,73,routine-safe,False,Old CRM automated/system event template or credential/reset workflow; not a hand-reply signature.,Do not use for client replies; replace with Mercury safe reply pack when needed.,.htm; .txt; .rtf,C:\Users\uscap\AppData\Roaming\Microsoft\Signatures\Mercury CRM Email Template 73 - New Customer Profile File(s) Uploaded (Sent to Staff).htm,D:\GithubRepos\uscapitalprivatebank-site\crm\sitebackup\source_artifacts\CRM.sql
Mercury CRM Email Template 74 - Event Notification (Calendar),archive/do-not-use,crm-email-template,74,routine-safe,False,Old CRM automated/system event template or credential/reset workflow; not a hand-reply signature.,Do not use for client replies; replace with Mercury safe reply pack when needed.,.htm; .txt; .rtf,C:\Users\uscap\AppData\Roaming\Microsoft\Signatures\Mercury CRM Email Template 74 - Event Notification (Calendar).htm,D:\GithubRepos\uscapitalprivatebank-site\crm\sitebackup\source_artifacts\CRM.sql
Mercury CRM Email Template 75 - Credit Card Authorization Required - SCA,useful-after-polish,crm-email-template,75,routine-safe,False,CRM email template may contain useful customer-service wording but requires shortening/polish before use.,Polish into short client-specific reply before sending.,.htm; .txt; .rtf,C:\Users\uscap\AppData\Roaming\Microsoft\Signatures\Mercury CRM Email Template 75 - Credit Card Authorization Required - SCA.htm,D:\GithubRepos\uscapitalprivatebank-site\crm\sitebackup\source_artifacts\CRM.sql
Mercury CRM Email Template 76 - Invoice Due Notice,archive/do-not-use,crm-email-template,76,routine-safe,False,Old CRM automated/system event template or credential/reset workflow; not a hand-reply signature.,Do not use for client replies; replace with Mercury safe reply pack when needed.,.htm; .txt; .rtf,C:\Users\uscap\AppData\Roaming\Microsoft\Signatures\Mercury CRM Email Template 76 - Invoice Due Notice.htm,D:\GithubRepos\uscapitalprivatebank-site\crm\sitebackup\source_artifacts\CRM.sql
Mercury CRM Email Template 77 - Estimate Request Submitted (Sent to Staff),archive/do-not-use,crm-email-template,77,routine-safe,False,Old CRM automated/system event template or credential/reset workflow; not a hand-reply signature.,Do not use for client replies; replace with Mercury safe reply pack when needed.,.htm; .txt; .rtf,C:\Users\uscap\AppData\Roaming\Microsoft\Signatures\Mercury CRM Email Template 77 - Estimate Request Submitted (Sent to Staff).htm,D:\GithubRepos\uscapitalprivatebank-site\crm\sitebackup\source_artifacts\CRM.sql
Mercury CRM Email Template 78 - Estimate Request Assigned (Sent to Staff),archive/do-not-use,crm-email-template,78,routine-safe,False,Old CRM automated/system event template or credential/reset workflow; not a hand-reply signature.,Do not use for client replies; replace with Mercury safe reply pack when needed.,.htm; .txt; .rtf,C:\Users\uscap\AppData\Roaming\Microsoft\Signatures\Mercury CRM Email Template 78 - Estimate Request Assigned (Sent to Staff).htm,D:\GithubRepos\uscapitalprivatebank-site\crm\sitebackup\source_artifacts\CRM.sql
Mercury CRM Email Template 785 - Forgot Password french,archive/do-not-use,crm-email-template,785,restricted-redacted-safe-routing,True,Old CRM automated/system event template or credential/reset workflow; not a hand-reply signature.,Do not use for client replies; replace with Mercury safe reply pack when needed.,.htm; .txt; .rtf,C:\Users\uscap\AppData\Roaming\Microsoft\Signatures\Mercury CRM Email Template 785 - Forgot Password french.htm,D:\GithubRepos\uscapitalprivatebank-site\crm\sitebackup\source_artifacts\CRM.sql
Mercury CRM Email Template 787 - Set New Password french,archive/do-not-use,crm-email-template,787,restricted-redacted-safe-routing,True,Old CRM automated/system event template or credential/reset workflow; not a hand-reply signature.,Do not use for client replies; replace with Mercury safe reply pack when needed.,.htm; .txt; .rtf,C:\Users\uscap\AppData\Roaming\Microsoft\Signatures\Mercury CRM Email Template 787 - Set New Password french.htm,D:\GithubRepos\uscapitalprivatebank-site\crm\sitebackup\source_artifacts\CRM.sql
Mercury CRM Email Template 788 - Forgot Password french,archive/do-not-use,crm-email-template,788,restricted-redacted-safe-routing,True,Old CRM automated/system event template or credential/reset workflow; not a hand-reply signature.,Do not use for client replies; replace with Mercury safe reply pack when needed.,.htm; .txt; .rtf,C:\Users\uscap\AppData\Roaming\Microsoft\Signatures\Mercury CRM Email Template 788 - Forgot Password french.htm,D:\GithubRepos\uscapitalprivatebank-site\crm\sitebackup\source_artifacts\CRM.sql
Mercury CRM Email Template 79 - Estimate Request Received (Sent to User),archive/do-not-use,crm-email-template,79,routine-safe,False,Old CRM automated/system event template or credential/reset workflow; not a hand-reply signature.,Do not use for client replies; replace with Mercury safe reply pack when needed.,.htm; .txt; .rtf,C:\Users\uscap\AppData\Roaming\Microsoft\Signatures\Mercury CRM Email Template 79 - Estimate Request Received (Sent to User).htm,D:\GithubRepos\uscapitalprivatebank-site\crm\sitebackup\source_artifacts\CRM.sql
Mercury CRM Email Template 8 - Invoice Already Sent to Customer,archive/do-not-use,crm-email-template,8,routine-safe,False,Old CRM automated/system event template or credential/reset workflow; not a hand-reply signature.,Do not use for client replies; replace with Mercury safe reply pack when needed.,.htm; .txt; .rtf,C:\Users\uscap\AppData\Roaming\Microsoft\Signatures\Mercury CRM Email Template 8 - Invoice Already Sent to Customer.htm,D:\GithubRepos\uscapitalprivatebank-site\crm\sitebackup\source_artifacts\CRM.sql
Mercury CRM Email Template 80 - Non-billed tasks reminder (sent to selected staff members),archive/do-not-use,crm-email-template,80,routine-safe,False,Old CRM automated/system event template or credential/reset workflow; not a hand-reply signature.,Do not use for client replies; replace with Mercury safe reply pack when needed.,.htm; .txt; .rtf,C:\Users\uscap\AppData\Roaming\Microsoft\Signatures\Mercury CRM Email Template 80 - Non-billed tasks reminder (sent to selected staff members).htm,D:\GithubRepos\uscapitalprivatebank-site\crm\sitebackup\source_artifacts\CRM.sql
Mercury CRM Email Template 81 - Invoices Payments Recorded in Batch (Sent to Customer),archive/do-not-use,crm-email-template,81,restricted-safe-routing,False,Old CRM automated/system event template or credential/reset workflow; not a hand-reply signature.,Do not use for client replies; replace with Mercury safe reply pack when needed.,.htm; .txt; .rtf,C:\Users\uscap\AppData\Roaming\Microsoft\Signatures\Mercury CRM Email Template 81 - Invoices Payments Recorded in Batch (Sent to Customer).htm,D:\GithubRepos\uscapitalprivatebank-site\crm\sitebackup\source_artifacts\CRM.sql
Mercury CRM Email Template 82 - Contract Sign Reminder (Sent to Customer),archive/do-not-use,crm-email-template,82,restricted-safe-routing,False,Old CRM automated/system event template or credential/reset workflow; not a hand-reply signature.,Do not use for client replies; replace with Mercury safe reply pack when needed.,.htm; .txt; .rtf,C:\Users\uscap\AppData\Roaming\Microsoft\Signatures\Mercury CRM Email Template 82 - Contract Sign Reminder (Sent to Customer).htm,D:\GithubRepos\uscapitalprivatebank-site\crm\sitebackup\source_artifacts\CRM.sql
Mercury CRM Email Template 878 - Forgot Password german,archive/do-not-use,crm-email-template,878,restricted-redacted-safe-routing,True,Old CRM automated/system event template or credential/reset workflow; not a hand-reply signature.,Do not use for client replies; replace with Mercury safe reply pack when needed.,.htm; .txt; .rtf,C:\Users\uscap\AppData\Roaming\Microsoft\Signatures\Mercury CRM Email Template 878 - Forgot Password german.htm,D:\GithubRepos\uscapitalprivatebank-site\crm\sitebackup\source_artifacts\CRM.sql
Mercury CRM Email Template 880 - Set New Password german,archive/do-not-use,crm-email-template,880,restricted-redacted-safe-routing,True,Old CRM automated/system event template or credential/reset workflow; not a hand-reply signature.,Do not use for client replies; replace with Mercury safe reply pack when needed.,.htm; .txt; .rtf,C:\Users\uscap\AppData\Roaming\Microsoft\Signatures\Mercury CRM Email Template 880 - Set New Password german.htm,D:\GithubRepos\uscapitalprivatebank-site\crm\sitebackup\source_artifacts\CRM.sql
Mercury CRM Email Template 881 - Forgot Password german,archive/do-not-use,crm-email-template,881,restricted-redacted-safe-routing,True,Old CRM automated/system event template or credential/reset workflow; not a hand-reply signature.,Do not use for client replies; replace with Mercury safe reply pack when needed.,.htm; .txt; .rtf,C:\Users\uscap\AppData\Roaming\Microsoft\Signatures\Mercury CRM Email Template 881 - Forgot Password german.htm,D:\GithubRepos\uscapitalprivatebank-site\crm\sitebackup\source_artifacts\CRM.sql
Mercury CRM Email Template 9 - New Ticket Created (Opened by Customer Sent to Staff Members),archive/do-not-use,crm-email-template,9,routine-safe,False,Old CRM automated/system event template or credential/reset workflow; not a hand-reply signature.,Do not use for client replies; replace with Mercury safe reply pack when needed.,.htm; .txt; .rtf,C:\Users\uscap\AppData\Roaming\Microsoft\Signatures\Mercury CRM Email Template 9 - New Ticket Created (Opened by Customer Sent to Staff Members).htm,D:\GithubRepos\uscapitalprivatebank-site\crm\sitebackup\source_artifacts\CRM.sql
Mercury CRM Email Template 971 - Forgot Password greek,archive/do-not-use,crm-email-template,971,restricted-redacted-safe-routing,True,Old CRM automated/system event template or credential/reset workflow; not a hand-reply signature.,Do not use for client replies; replace with Mercury safe reply pack when needed.,.htm; .txt; .rtf,C:\Users\uscap\AppData\Roaming\Microsoft\Signatures\Mercury CRM Email Template 971 - Forgot Password greek.htm,D:\GithubRepos\uscapitalprivatebank-site\crm\sitebackup\source_artifacts\CRM.sql
Mercury CRM Email Template 973 - Set New Password greek,archive/do-not-use,crm-email-template,973,restricted-redacted-safe-routing,True,Old CRM automated/system event template or credential/reset workflow; not a hand-reply signature.,Do not use for client replies; replace with Mercury safe reply pack when needed.,.htm; .txt; .rtf,C:\Users\uscap\AppData\Roaming\Microsoft\Signatures\Mercury CRM Email Template 973 - Set New Password greek.htm,D:\GithubRepos\uscapitalprivatebank-site\crm\sitebackup\source_artifacts\CRM.sql
Mercury CRM Email Template 974 - Forgot Password greek,archive/do-not-use,crm-email-template,974,restricted-redacted-safe-routing,True,Old CRM automated/system event template or credential/reset workflow; not a hand-reply signature.,Do not use for client replies; replace with Mercury safe reply pack when needed.,.htm; .txt; .rtf,C:\Users\uscap\AppData\Roaming\Microsoft\Signatures\Mercury CRM Email Template 974 - Forgot Password greek.htm,D:\GithubRepos\uscapitalprivatebank-site\crm\sitebackup\source_artifacts\CRM.sql
Mercury CRM Reply 1 - Please Complete your Profile Information,restricted-routing-only,crm-sql-predefined-reply,1,restricted-safe-routing,False,Legacy CRM predefined reply touches restricted topics; use only safe routing/escalation posture.,Prefer Aurora-safe restricted replies IDs 126-128/135-136 as applicable.,.htm; .txt; .rtf,C:\Users\uscap\AppData\Roaming\Microsoft\Signatures\Mercury CRM Reply 1 - Please Complete your Profile Information.htm,D:\GithubRepos\uscapitalprivatebank-site\crm\sitebackup\source_artifacts\CRM.sql
Mercury CRM Reply 10 - Why your project summary is important and what should it contain,restricted-routing-only,crm-sql-predefined-reply,10,restricted-redacted-safe-routing,True,Legacy CRM predefined reply touches restricted topics; use only safe routing/escalation posture.,Prefer Aurora-safe restricted replies IDs 126-128/135-136 as applicable.,.htm; .txt; .rtf,C:\Users\uscap\AppData\Roaming\Microsoft\Signatures\Mercury CRM Reply 10 - Why your project summary is important and what should it contain.htm,D:\GithubRepos\uscapitalprivatebank-site\crm\sitebackup\source_artifacts\CRM.sql
Mercury CRM Reply 11 - Please upload a transaction summary,restricted-routing-only,crm-sql-predefined-reply,11,restricted-redacted-safe-routing,True,Legacy CRM predefined reply touches restricted topics; use only safe routing/escalation posture.,Prefer Aurora-safe restricted replies IDs 126-128/135-136 as applicable.,.htm; .txt; .rtf,C:\Users\uscap\AppData\Roaming\Microsoft\Signatures\Mercury CRM Reply 11 - Please upload a transaction summary.htm,D:\GithubRepos\uscapitalprivatebank-site\crm\sitebackup\source_artifacts\CRM.sql
Mercury CRM Reply 12 - Each Client Should Have their Own Registration,restricted-routing-only,crm-sql-predefined-reply,12,restricted-redacted-safe-routing,True,Legacy CRM predefined reply touches restricted topics; use only safe routing/escalation posture.,Prefer Aurora-safe restricted replies IDs 126-128/135-136 as applicable.,.htm; .txt; .rtf,C:\Users\uscap\AppData\Roaming\Microsoft\Signatures\Mercury CRM Reply 12 - Each Client Should Have their Own Registration.htm,D:\GithubRepos\uscapitalprivatebank-site\crm\sitebackup\source_artifacts\CRM.sql
Mercury CRM Reply 13 - Predefined replies,useful-after-polish,crm-sql-predefined-reply,13,routine-safe,False,Legacy CRM predefined reply; useful substance but should be checked against current safe pack before reuse.,Polish and personalize; save strong revision as candidate if needed.,.htm; .txt; .rtf,C:\Users\uscap\AppData\Roaming\Microsoft\Signatures\Mercury CRM Reply 13 - Predefined replies.htm,D:\GithubRepos\uscapitalprivatebank-site\crm\sitebackup\source_artifacts\CRM.sql
Mercury CRM Reply 14 - Outgoing Wire Transfers Virtual Debit Cards,restricted-routing-only,crm-sql-predefined-reply,14,restricted-redacted-safe-routing,True,Legacy CRM predefined reply touches restricted topics; use only safe routing/escalation posture.,Prefer Aurora-safe restricted replies IDs 126-128/135-136 as applicable.,.htm; .txt; .rtf,C:\Users\uscap\AppData\Roaming\Microsoft\Signatures\Mercury CRM Reply 14 - Outgoing Wire Transfers Virtual Debit Cards.htm,D:\GithubRepos\uscapitalprivatebank-site\crm\sitebackup\source_artifacts\CRM.sql
Mercury CRM Reply 15 - Aged Shelf Corporations,restricted-routing-only,crm-sql-predefined-reply,15,restricted-redacted-safe-routing,True,Legacy CRM predefined reply touches restricted topics; use only safe routing/escalation posture.,Prefer Aurora-safe restricted replies IDs 126-128/135-136 as applicable.,.htm; .txt; .rtf,C:\Users\uscap\AppData\Roaming\Microsoft\Signatures\Mercury CRM Reply 15 - Aged Shelf Corporations.htm,D:\GithubRepos\uscapitalprivatebank-site\crm\sitebackup\source_artifacts\CRM.sql
Mercury CRM Reply 16 - Incoming Wire Transfer Advisory,restricted-routing-only,crm-sql-predefined-reply,16,restricted-redacted-safe-routing,True,Legacy CRM predefined reply touches restricted topics; use only safe routing/escalation posture.,Prefer Aurora-safe restricted replies IDs 126-128/135-136 as applicable.,.htm; .txt; .rtf,C:\Users\uscap\AppData\Roaming\Microsoft\Signatures\Mercury CRM Reply 16 - Incoming Wire Transfer Advisory.htm,D:\GithubRepos\uscapitalprivatebank-site\crm\sitebackup\source_artifacts\CRM.sql
Mercury CRM Reply 17 - ASSET PROTECTION AND WIRE INSTRUCTION ADVISORY,restricted-routing-only,crm-sql-predefined-reply,17,restricted-redacted-safe-routing,True,Legacy CRM predefined reply touches restricted topics; use only safe routing/escalation posture.,Prefer Aurora-safe restricted replies IDs 126-128/135-136 as applicable.,.htm; .txt; .rtf,C:\Users\uscap\AppData\Roaming\Microsoft\Signatures\Mercury CRM Reply 17 - ASSET PROTECTION AND WIRE INSTRUCTION ADVISORY.htm,D:\GithubRepos\uscapitalprivatebank-site\crm\sitebackup\source_artifacts\CRM.sql
Mercury CRM Reply 18 - Maximizing The Minimum Account Deposit,restricted-routing-only,crm-sql-predefined-reply,18,restricted-redacted-safe-routing,True,Legacy CRM predefined reply touches restricted topics; use only safe routing/escalation posture.,Prefer Aurora-safe restricted replies IDs 126-128/135-136 as applicable.,.htm; .txt; .rtf,C:\Users\uscap\AppData\Roaming\Microsoft\Signatures\Mercury CRM Reply 18 - Maximizing The Minimum Account Deposit.htm,D:\GithubRepos\uscapitalprivatebank-site\crm\sitebackup\source_artifacts\CRM.sql
Mercury CRM Reply 19 - Correct Location of Uploads,restricted-routing-only,crm-sql-predefined-reply,19,restricted-redacted-safe-routing,True,Legacy CRM predefined reply touches restricted topics; use only safe routing/escalation posture.,Prefer Aurora-safe restricted replies IDs 126-128/135-136 as applicable.,.htm; .txt; .rtf,C:\Users\uscap\AppData\Roaming\Microsoft\Signatures\Mercury CRM Reply 19 - Correct Location of Uploads.htm,D:\GithubRepos\uscapitalprivatebank-site\crm\sitebackup\source_artifacts\CRM.sql
Mercury CRM Reply 2 - Using Projects for Transaction Completion,useful-after-polish,crm-sql-predefined-reply,2,routine-safe,False,Legacy CRM predefined reply; useful substance but should be checked against current safe pack before reuse.,Polish and personalize; save strong revision as candidate if needed.,.htm; .txt; .rtf,C:\Users\uscap\AppData\Roaming\Microsoft\Signatures\Mercury CRM Reply 2 - Using Projects for Transaction Completion.htm,D:\GithubRepos\uscapitalprivatebank-site\crm\sitebackup\source_artifacts\CRM.sql
Mercury CRM Reply 20 - Global Referral Program,restricted-routing-only,crm-sql-predefined-reply,20,restricted-redacted-safe-routing,True,Legacy CRM predefined reply touches restricted topics; use only safe routing/escalation posture.,Prefer Aurora-safe restricted replies IDs 126-128/135-136 as applicable.,.htm; .txt; .rtf,C:\Users\uscap\AppData\Roaming\Microsoft\Signatures\Mercury CRM Reply 20 - Global Referral Program.htm,D:\GithubRepos\uscapitalprivatebank-site\crm\sitebackup\source_artifacts\CRM.sql
Mercury CRM Reply 21 - Why is a Project Summary Important,restricted-routing-only,crm-sql-predefined-reply,21,restricted-redacted-safe-routing,True,Legacy CRM predefined reply touches restricted topics; use only safe routing/escalation posture.,Prefer Aurora-safe restricted replies IDs 126-128/135-136 as applicable.,.htm; .txt; .rtf,C:\Users\uscap\AppData\Roaming\Microsoft\Signatures\Mercury CRM Reply 21 - Why is a Project Summary Important.htm,D:\GithubRepos\uscapitalprivatebank-site\crm\sitebackup\source_artifacts\CRM.sql
Mercury CRM Reply 22 - Wiring Coordinates Dubai,restricted-routing-only,crm-sql-predefined-reply,22,restricted-redacted-safe-routing,True,Legacy CRM predefined reply touches restricted topics; use only safe routing/escalation posture.,Prefer Aurora-safe restricted replies IDs 126-128/135-136 as applicable.,.htm; .txt; .rtf,C:\Users\uscap\AppData\Roaming\Microsoft\Signatures\Mercury CRM Reply 22 - Wiring Coordinates Dubai.htm,D:\GithubRepos\uscapitalprivatebank-site\crm\sitebackup\source_artifacts\CRM.sql
Mercury CRM Reply 23 - Troubleshooting Verification Email Not Received,restricted-routing-only,crm-sql-predefined-reply,23,restricted-redacted-safe-routing,True,Legacy CRM predefined reply touches restricted topics; use only safe routing/escalation posture.,Prefer Aurora-safe restricted replies IDs 126-128/135-136 as applicable.,.htm; .txt; .rtf,C:\Users\uscap\AppData\Roaming\Microsoft\Signatures\Mercury CRM Reply 23 - Troubleshooting Verification Email Not Received.htm,D:\GithubRepos\uscapitalprivatebank-site\crm\sitebackup\source_artifacts\CRM.sql
Mercury CRM Reply 25 - Required Documentation Package for KYC,restricted-routing-only,crm-sql-predefined-reply,25,restricted-redacted-safe-routing,True,Legacy CRM predefined reply touches restricted topics; use only safe routing/escalation posture.,Prefer Aurora-safe restricted replies IDs 126-128/135-136 as applicable.,.htm; .txt; .rtf,C:\Users\uscap\AppData\Roaming\Microsoft\Signatures\Mercury CRM Reply 25 - Required Documentation Package for KYC.htm,D:\GithubRepos\uscapitalprivatebank-site\crm\sitebackup\source_artifacts\CRM.sql
Mercury CRM Reply 26 - Bank Instrument Smart Plan Agreement Options Specifications,restricted-routing-only,crm-sql-predefined-reply,26,restricted-redacted-safe-routing,True,Legacy CRM predefined reply touches restricted topics; use only safe routing/escalation posture.,Prefer Aurora-safe restricted replies IDs 126-128/135-136 as applicable.,.htm; .txt; .rtf,C:\Users\uscap\AppData\Roaming\Microsoft\Signatures\Mercury CRM Reply 26 - Bank Instrument Smart Plan Agreement Options Specifications.htm,D:\GithubRepos\uscapitalprivatebank-site\crm\sitebackup\source_artifacts\CRM.sql
Mercury CRM Reply 27 - Asset Monetization Procedures,restricted-routing-only,crm-sql-predefined-reply,27,restricted-redacted-safe-routing,True,Legacy CRM predefined reply touches restricted topics; use only safe routing/escalation posture.,Prefer Aurora-safe restricted replies IDs 126-128/135-136 as applicable.,.htm; .txt; .rtf,C:\Users\uscap\AppData\Roaming\Microsoft\Signatures\Mercury CRM Reply 27 - Asset Monetization Procedures.htm,D:\GithubRepos\uscapitalprivatebank-site\crm\sitebackup\source_artifacts\CRM.sql
Mercury CRM Reply 28 - Verification of Funds Assets Credit for Swift and Documentary Credits,restricted-routing-only,crm-sql-predefined-reply,28,restricted-redacted-safe-routing,True,Legacy CRM predefined reply touches restricted topics; use only safe routing/escalation posture.,Prefer Aurora-safe restricted replies IDs 126-128/135-136 as applicable.,.htm; .txt; .rtf,C:\Users\uscap\AppData\Roaming\Microsoft\Signatures\Mercury CRM Reply 28 - Verification of Funds Assets Credit for Swift and Documentary Credits.htm,D:\GithubRepos\uscapitalprivatebank-site\crm\sitebackup\source_artifacts\CRM.sql
Mercury CRM Reply 29 - Commissions Confirmation of Principal,restricted-routing-only,crm-sql-predefined-reply,29,restricted-redacted-safe-routing,True,Legacy CRM predefined reply touches restricted topics; use only safe routing/escalation posture.,Prefer Aurora-safe restricted replies IDs 126-128/135-136 as applicable.,.htm; .txt; .rtf,C:\Users\uscap\AppData\Roaming\Microsoft\Signatures\Mercury CRM Reply 29 - Commissions Confirmation of Principal.htm,D:\GithubRepos\uscapitalprivatebank-site\crm\sitebackup\source_artifacts\CRM.sql
Mercury CRM Reply 3 - The Importance of Opening a Support Ticket,useful-after-polish,crm-sql-predefined-reply,3,routine-safe,False,Legacy CRM predefined reply; useful substance but should be checked against current safe pack before reuse.,Polish and personalize; save strong revision as candidate if needed.,.htm; .txt; .rtf,C:\Users\uscap\AppData\Roaming\Microsoft\Signatures\Mercury CRM Reply 3 - The Importance of Opening a Support Ticket.htm,D:\GithubRepos\uscapitalprivatebank-site\crm\sitebackup\source_artifacts\CRM.sql
Mercury CRM Reply 30 - Administrative Fees for Account Holders,restricted-routing-only,crm-sql-predefined-reply,30,restricted-redacted-safe-routing,True,Legacy CRM predefined reply touches restricted topics; use only safe routing/escalation posture.,Prefer Aurora-safe restricted replies IDs 126-128/135-136 as applicable.,.htm; .txt; .rtf,C:\Users\uscap\AppData\Roaming\Microsoft\Signatures\Mercury CRM Reply 30 - Administrative Fees for Account Holders.htm,D:\GithubRepos\uscapitalprivatebank-site\crm\sitebackup\source_artifacts\CRM.sql
Mercury CRM Reply 31 - Pre-Advice Request Protocol,restricted-routing-only,crm-sql-predefined-reply,31,restricted-redacted-safe-routing,True,Legacy CRM predefined reply touches restricted topics; use only safe routing/escalation posture.,Prefer Aurora-safe restricted replies IDs 126-128/135-136 as applicable.,.htm; .txt; .rtf,C:\Users\uscap\AppData\Roaming\Microsoft\Signatures\Mercury CRM Reply 31 - Pre-Advice Request Protocol.htm,D:\GithubRepos\uscapitalprivatebank-site\crm\sitebackup\source_artifacts\CRM.sql
Mercury CRM Reply 32 - Swift Document Delivery,restricted-routing-only,crm-sql-predefined-reply,32,restricted-redacted-safe-routing,True,Legacy CRM predefined reply touches restricted topics; use only safe routing/escalation posture.,Prefer Aurora-safe restricted replies IDs 126-128/135-136 as applicable.,.htm; .txt; .rtf,C:\Users\uscap\AppData\Roaming\Microsoft\Signatures\Mercury CRM Reply 32 - Swift Document Delivery.htm,D:\GithubRepos\uscapitalprivatebank-site\crm\sitebackup\source_artifacts\CRM.sql
Mercury CRM Reply 33 - GLOBAL MASTER SECURITY AGREEMENT (G.M.S.L.A.),restricted-routing-only,crm-sql-predefined-reply,33,restricted-redacted-safe-routing,True,Legacy CRM predefined reply touches restricted topics; use only safe routing/escalation posture.,Prefer Aurora-safe restricted replies IDs 126-128/135-136 as applicable.,.htm; .txt; .rtf,C:\Users\uscap\AppData\Roaming\Microsoft\Signatures\Mercury CRM Reply 33 - GLOBAL MASTER SECURITY AGREEMENT (G.M.S.L.A.).htm,D:\GithubRepos\uscapitalprivatebank-site\crm\sitebackup\source_artifacts\CRM.sql
Mercury CRM Reply 34 - Understanding Consideration in Contract Law,restricted-routing-only,crm-sql-predefined-reply,34,restricted-safe-routing,False,Legacy CRM predefined reply touches restricted topics; use only safe routing/escalation posture.,Prefer Aurora-safe restricted replies IDs 126-128/135-136 as applicable.,.htm; .txt; .rtf,C:\Users\uscap\AppData\Roaming\Microsoft\Signatures\Mercury CRM Reply 34 - Understanding Consideration in Contract Law.htm,D:\GithubRepos\uscapitalprivatebank-site\crm\sitebackup\source_artifacts\CRM.sql
Mercury CRM Reply 35 - Complete Your KYC to Begin Your Transaction,restricted-routing-only,crm-sql-predefined-reply,35,restricted-redacted-safe-routing,True,Legacy CRM predefined reply touches restricted topics; use only safe routing/escalation posture.,Prefer Aurora-safe restricted replies IDs 126-128/135-136 as applicable.,.htm; .txt; .rtf,C:\Users\uscap\AppData\Roaming\Microsoft\Signatures\Mercury CRM Reply 35 - Complete Your KYC to Begin Your Transaction.htm,D:\GithubRepos\uscapitalprivatebank-site\crm\sitebackup\source_artifacts\CRM.sql
Mercury CRM Reply 36 - Outgoing Transfer Rejection,restricted-routing-only,crm-sql-predefined-reply,36,restricted-redacted-safe-routing,True,Legacy CRM predefined reply touches restricted topics; use only safe routing/escalation posture.,Prefer Aurora-safe restricted replies IDs 126-128/135-136 as applicable.,.htm; .txt; .rtf,C:\Users\uscap\AppData\Roaming\Microsoft\Signatures\Mercury CRM Reply 36 - Outgoing Transfer Rejection.htm,D:\GithubRepos\uscapitalprivatebank-site\crm\sitebackup\source_artifacts\CRM.sql
Mercury CRM Reply 37 - Job Interview,restricted-routing-only,crm-sql-predefined-reply,37,restricted-redacted-safe-routing,True,Legacy CRM predefined reply touches restricted topics; use only safe routing/escalation posture.,Prefer Aurora-safe restricted replies IDs 126-128/135-136 as applicable.,.htm; .txt; .rtf,C:\Users\uscap\AppData\Roaming\Microsoft\Signatures\Mercury CRM Reply 37 - Job Interview.htm,D:\GithubRepos\uscapitalprivatebank-site\crm\sitebackup\source_artifacts\CRM.sql
Mercury CRM Reply 38 - Job Interview Schedule Instructions,restricted-routing-only,crm-sql-predefined-reply,38,restricted-redacted-safe-routing,True,Legacy CRM predefined reply touches restricted topics; use only safe routing/escalation posture.,Prefer Aurora-safe restricted replies IDs 126-128/135-136 as applicable.,.htm; .txt; .rtf,C:\Users\uscap\AppData\Roaming\Microsoft\Signatures\Mercury CRM Reply 38 - Job Interview Schedule Instructions.htm,D:\GithubRepos\uscapitalprivatebank-site\crm\sitebackup\source_artifacts\CRM.sql
Mercury CRM Reply 39 - Appointment Confirmation for Transaction Meetings,restricted-routing-only,crm-sql-predefined-reply,39,restricted-redacted-safe-routing,True,Legacy CRM predefined reply touches restricted topics; use only safe routing/escalation posture.,Prefer Aurora-safe restricted replies IDs 126-128/135-136 as applicable.,.htm; .txt; .rtf,C:\Users\uscap\AppData\Roaming\Microsoft\Signatures\Mercury CRM Reply 39 - Appointment Confirmation for Transaction Meetings.htm,D:\GithubRepos\uscapitalprivatebank-site\crm\sitebackup\source_artifacts\CRM.sql
Mercury CRM Reply 4 - Opening the ticket on the correct portal,restricted-routing-only,crm-sql-predefined-reply,4,restricted-redacted-safe-routing,True,Legacy CRM predefined reply touches restricted topics; use only safe routing/escalation posture.,Prefer Aurora-safe restricted replies IDs 126-128/135-136 as applicable.,.htm; .txt; .rtf,C:\Users\uscap\AppData\Roaming\Microsoft\Signatures\Mercury CRM Reply 4 - Opening the ticket on the correct portal.htm,D:\GithubRepos\uscapitalprivatebank-site\crm\sitebackup\source_artifacts\CRM.sql
Mercury CRM Reply 40 - Secondary Meeting Reminder,restricted-routing-only,crm-sql-predefined-reply,40,restricted-redacted-safe-routing,True,Legacy CRM predefined reply touches restricted topics; use only safe routing/escalation posture.,Prefer Aurora-safe restricted replies IDs 126-128/135-136 as applicable.,.htm; .txt; .rtf,C:\Users\uscap\AppData\Roaming\Microsoft\Signatures\Mercury CRM Reply 40 - Secondary Meeting Reminder.htm,D:\GithubRepos\uscapitalprivatebank-site\crm\sitebackup\source_artifacts\CRM.sql
Mercury CRM Reply 41 - Duplicate Ticket Closure Agent Response Template,useful-after-polish,crm-sql-predefined-reply,41,routine-safe,False,Legacy CRM predefined reply; useful substance but should be checked against current safe pack before reuse.,Polish and personalize; save strong revision as candidate if needed.,.htm; .txt; .rtf,C:\Users\uscap\AppData\Roaming\Microsoft\Signatures\Mercury CRM Reply 41 - Duplicate Ticket Closure Agent Response Template.htm,D:\GithubRepos\uscapitalprivatebank-site\crm\sitebackup\source_artifacts\CRM.sql
Mercury CRM Reply 42 - Profile Photo Requirements for Clients,useful-after-polish,crm-sql-predefined-reply,42,restricted-safe-routing,False,Legacy CRM predefined reply; useful substance but should be checked against current safe pack before reuse.,Polish and personalize; save strong revision as candidate if needed.,.htm; .txt; .rtf,C:\Users\uscap\AppData\Roaming\Microsoft\Signatures\Mercury CRM Reply 42 - Profile Photo Requirements for Clients.htm,D:\GithubRepos\uscapitalprivatebank-site\crm\sitebackup\source_artifacts\CRM.sql
Mercury CRM Reply 43 - Have you opened an account with us,restricted-routing-only,crm-sql-predefined-reply,43,restricted-redacted-safe-routing,True,Legacy CRM predefined reply touches restricted topics; use only safe routing/escalation posture.,Prefer Aurora-safe restricted replies IDs 126-128/135-136 as applicable.,.htm; .txt; .rtf,C:\Users\uscap\AppData\Roaming\Microsoft\Signatures\Mercury CRM Reply 43 - Have you opened an account with us.htm,D:\GithubRepos\uscapitalprivatebank-site\crm\sitebackup\source_artifacts\CRM.sql
Mercury CRM Reply 44 - Welcome to US Capital,restricted-routing-only,crm-sql-predefined-reply,44,restricted-redacted-safe-routing,True,Legacy CRM predefined reply touches restricted topics; use only safe routing/escalation posture.,Prefer Aurora-safe restricted replies IDs 126-128/135-136 as applicable.,.htm; .txt; .rtf,C:\Users\uscap\AppData\Roaming\Microsoft\Signatures\Mercury CRM Reply 44 - Welcome to US Capital.htm,D:\GithubRepos\uscapitalprivatebank-site\crm\sitebackup\source_artifacts\CRM.sql
Mercury CRM Reply 45 - Educational Resources,restricted-routing-only,crm-sql-predefined-reply,45,restricted-redacted-safe-routing,True,Legacy CRM predefined reply touches restricted topics; use only safe routing/escalation posture.,Prefer Aurora-safe restricted replies IDs 126-128/135-136 as applicable.,.htm; .txt; .rtf,C:\Users\uscap\AppData\Roaming\Microsoft\Signatures\Mercury CRM Reply 45 - Educational Resources.htm,D:\GithubRepos\uscapitalprivatebank-site\crm\sitebackup\source_artifacts\CRM.sql
Mercury CRM Reply 46 - Completing Your Profile Uploading KYC Documents For The Bank,restricted-routing-only,crm-sql-predefined-reply,46,restricted-redacted-safe-routing,True,Legacy CRM predefined reply touches restricted topics; use only safe routing/escalation posture.,Prefer Aurora-safe restricted replies IDs 126-128/135-136 as applicable.,.htm; .txt; .rtf,C:\Users\uscap\AppData\Roaming\Microsoft\Signatures\Mercury CRM Reply 46 - Completing Your Profile Uploading KYC Documents For The Bank.htm,D:\GithubRepos\uscapitalprivatebank-site\crm\sitebackup\source_artifacts\CRM.sql
Mercury CRM Reply 47 - Duplicate Tickets for the same transaction,useful-after-polish,crm-sql-predefined-reply,47,routine-safe,False,Legacy CRM predefined reply; useful substance but should be checked against current safe pack before reuse.,Polish and personalize; save strong revision as candidate if needed.,.htm; .txt; .rtf,C:\Users\uscap\AppData\Roaming\Microsoft\Signatures\Mercury CRM Reply 47 - Duplicate Tickets for the same transaction.htm,D:\GithubRepos\uscapitalprivatebank-site\crm\sitebackup\source_artifacts\CRM.sql
Mercury CRM Reply 48 - US Capital Trade Platform Update,restricted-routing-only,crm-sql-predefined-reply,48,restricted-safe-routing,False,Legacy CRM predefined reply touches restricted topics; use only safe routing/escalation posture.,Prefer Aurora-safe restricted replies IDs 126-128/135-136 as applicable.,.htm; .txt; .rtf,C:\Users\uscap\AppData\Roaming\Microsoft\Signatures\Mercury CRM Reply 48 - US Capital Trade Platform Update.htm,D:\GithubRepos\uscapitalprivatebank-site\crm\sitebackup\source_artifacts\CRM.sql
Mercury CRM Reply 49 - Licensed Trader Reply,restricted-routing-only,crm-sql-predefined-reply,49,restricted-safe-routing,False,Legacy CRM predefined reply touches restricted topics; use only safe routing/escalation posture.,Prefer Aurora-safe restricted replies IDs 126-128/135-136 as applicable.,.htm; .txt; .rtf,C:\Users\uscap\AppData\Roaming\Microsoft\Signatures\Mercury CRM Reply 49 - Licensed Trader Reply.htm,D:\GithubRepos\uscapitalprivatebank-site\crm\sitebackup\source_artifacts\CRM.sql
Mercury CRM Reply 5 - Why a bank needs KYC and Document Submission Instructions Account Opening Process,restricted-routing-only,crm-sql-predefined-reply,5,restricted-redacted-safe-routing,True,Legacy CRM predefined reply touches restricted topics; use only safe routing/escalation posture.,Prefer Aurora-safe restricted replies IDs 126-128/135-136 as applicable.,.htm; .txt; .rtf,C:\Users\uscap\AppData\Roaming\Microsoft\Signatures\Mercury CRM Reply 5 - Why a bank needs KYC and Document Submission Instructions Account Opening Process.htm,D:\GithubRepos\uscapitalprivatebank-site\crm\sitebackup\source_artifacts\CRM.sql
Mercury CRM Reply 50 - FOLLOW-UP NOTICE ACCOUNT TIERS REQUIRED MINIMUM DEPOSITS,restricted-routing-only,crm-sql-predefined-reply,50,restricted-redacted-safe-routing,True,Legacy CRM predefined reply touches restricted topics; use only safe routing/escalation posture.,Prefer Aurora-safe restricted replies IDs 126-128/135-136 as applicable.,.htm; .txt; .rtf,C:\Users\uscap\AppData\Roaming\Microsoft\Signatures\Mercury CRM Reply 50 - FOLLOW-UP NOTICE ACCOUNT TIERS REQUIRED MINIMUM DEPOSITS.htm,D:\GithubRepos\uscapitalprivatebank-site\crm\sitebackup\source_artifacts\CRM.sql
Mercury CRM Reply 51 - Follow-Up Summary Account Tiers Maximizing Your Deposit,restricted-routing-only,crm-sql-predefined-reply,51,restricted-redacted-safe-routing,True,Legacy CRM predefined reply touches restricted topics; use only safe routing/escalation posture.,Prefer Aurora-safe restricted replies IDs 126-128/135-136 as applicable.,.htm; .txt; .rtf,C:\Users\uscap\AppData\Roaming\Microsoft\Signatures\Mercury CRM Reply 51 - Follow-Up Summary Account Tiers Maximizing Your Deposit.htm,D:\GithubRepos\uscapitalprivatebank-site\crm\sitebackup\source_artifacts\CRM.sql
Mercury CRM Reply 52 - Project Organization,restricted-routing-only,crm-sql-predefined-reply,52,restricted-safe-routing,False,Legacy CRM predefined reply touches restricted topics; use only safe routing/escalation posture.,Prefer Aurora-safe restricted replies IDs 126-128/135-136 as applicable.,.htm; .txt; .rtf,C:\Users\uscap\AppData\Roaming\Microsoft\Signatures\Mercury CRM Reply 52 - Project Organization.htm,D:\GithubRepos\uscapitalprivatebank-site\crm\sitebackup\source_artifacts\CRM.sql
Mercury CRM Reply 53 - Introduction to Diplomatic Status,restricted-routing-only,crm-sql-predefined-reply,53,restricted-redacted-safe-routing,True,Legacy CRM predefined reply touches restricted topics; use only safe routing/escalation posture.,Prefer Aurora-safe restricted replies IDs 126-128/135-136 as applicable.,.htm; .txt; .rtf,C:\Users\uscap\AppData\Roaming\Microsoft\Signatures\Mercury CRM Reply 53 - Introduction to Diplomatic Status.htm,D:\GithubRepos\uscapitalprivatebank-site\crm\sitebackup\source_artifacts\CRM.sql
Mercury CRM Reply 54 - Wealth Management,restricted-routing-only,crm-sql-predefined-reply,54,restricted-safe-routing,False,Legacy CRM predefined reply touches restricted topics; use only safe routing/escalation posture.,Prefer Aurora-safe restricted replies IDs 126-128/135-136 as applicable.,.htm; .txt; .rtf,C:\Users\uscap\AppData\Roaming\Microsoft\Signatures\Mercury CRM Reply 54 - Wealth Management.htm,D:\GithubRepos\uscapitalprivatebank-site\crm\sitebackup\source_artifacts\CRM.sql
Mercury CRM Reply 55 - Express Trust,restricted-routing-only,crm-sql-predefined-reply,55,restricted-redacted-safe-routing,True,Legacy CRM predefined reply touches restricted topics; use only safe routing/escalation posture.,Prefer Aurora-safe restricted replies IDs 126-128/135-136 as applicable.,.htm; .txt; .rtf,C:\Users\uscap\AppData\Roaming\Microsoft\Signatures\Mercury CRM Reply 55 - Express Trust.htm,D:\GithubRepos\uscapitalprivatebank-site\crm\sitebackup\source_artifacts\CRM.sql
Mercury CRM Reply 56 - Wire Transfer Receipts,restricted-routing-only,crm-sql-predefined-reply,56,restricted-redacted-safe-routing,True,Legacy CRM predefined reply touches restricted topics; use only safe routing/escalation posture.,Prefer Aurora-safe restricted replies IDs 126-128/135-136 as applicable.,.htm; .txt; .rtf,C:\Users\uscap\AppData\Roaming\Microsoft\Signatures\Mercury CRM Reply 56 - Wire Transfer Receipts.htm,D:\GithubRepos\uscapitalprivatebank-site\crm\sitebackup\source_artifacts\CRM.sql
Mercury CRM Reply 57 - CONSULTATION PAYMENT REQUEST,restricted-routing-only,crm-sql-predefined-reply,57,restricted-redacted-safe-routing,True,Legacy CRM predefined reply touches restricted topics; use only safe routing/escalation posture.,Prefer Aurora-safe restricted replies IDs 126-128/135-136 as applicable.,.htm; .txt; .rtf,C:\Users\uscap\AppData\Roaming\Microsoft\Signatures\Mercury CRM Reply 57 - CONSULTATION PAYMENT REQUEST.htm,D:\GithubRepos\uscapitalprivatebank-site\crm\sitebackup\source_artifacts\CRM.sql
Mercury CRM Reply 58 - Consultation Scheduling Payment,restricted-routing-only,crm-sql-predefined-reply,58,restricted-redacted-safe-routing,True,Legacy CRM predefined reply touches restricted topics; use only safe routing/escalation posture.,Prefer Aurora-safe restricted replies IDs 126-128/135-136 as applicable.,.htm; .txt; .rtf,C:\Users\uscap\AppData\Roaming\Microsoft\Signatures\Mercury CRM Reply 58 - Consultation Scheduling Payment.htm,D:\GithubRepos\uscapitalprivatebank-site\crm\sitebackup\source_artifacts\CRM.sql
Mercury CRM Reply 59 - Consultation Confirmation Next Steps,restricted-routing-only,crm-sql-predefined-reply,59,restricted-redacted-safe-routing,True,Legacy CRM predefined reply touches restricted topics; use only safe routing/escalation posture.,Prefer Aurora-safe restricted replies IDs 126-128/135-136 as applicable.,.htm; .txt; .rtf,C:\Users\uscap\AppData\Roaming\Microsoft\Signatures\Mercury CRM Reply 59 - Consultation Confirmation Next Steps.htm,D:\GithubRepos\uscapitalprivatebank-site\crm\sitebackup\source_artifacts\CRM.sql
Mercury CRM Reply 6 - US Capital Private Bank Welcome Package,restricted-routing-only,crm-sql-predefined-reply,6,restricted-redacted-safe-routing,True,Legacy CRM predefined reply touches restricted topics; use only safe routing/escalation posture.,Prefer Aurora-safe restricted replies IDs 126-128/135-136 as applicable.,.htm; .txt; .rtf,C:\Users\uscap\AppData\Roaming\Microsoft\Signatures\Mercury CRM Reply 6 - US Capital Private Bank Welcome Package.htm,D:\GithubRepos\uscapitalprivatebank-site\crm\sitebackup\source_artifacts\CRM.sql
Mercury CRM Reply 60 - Private Advisory Session Engagement Confirmation,restricted-routing-only,crm-sql-predefined-reply,60,restricted-redacted-safe-routing,True,Legacy CRM predefined reply touches restricted topics; use only safe routing/escalation posture.,Prefer Aurora-safe restricted replies IDs 126-128/135-136 as applicable.,.htm; .txt; .rtf,C:\Users\uscap\AppData\Roaming\Microsoft\Signatures\Mercury CRM Reply 60 - Private Advisory Session Engagement Confirmation.htm,D:\GithubRepos\uscapitalprivatebank-site\crm\sitebackup\source_artifacts\CRM.sql
Mercury CRM Reply 61 - Private Advisory Session Engagement Confirmation,restricted-routing-only,crm-sql-predefined-reply,61,restricted-redacted-safe-routing,True,Legacy CRM predefined reply touches restricted topics; use only safe routing/escalation posture.,Prefer Aurora-safe restricted replies IDs 126-128/135-136 as applicable.,.htm; .txt; .rtf,C:\Users\uscap\AppData\Roaming\Microsoft\Signatures\Mercury CRM Reply 61 - Private Advisory Session Engagement Confirmation.htm,D:\GithubRepos\uscapitalprivatebank-site\crm\sitebackup\source_artifacts\CRM.sql
Mercury CRM Reply 62 - Important Notice Keep Your Phone Number Updated,restricted-routing-only,crm-sql-predefined-reply,62,restricted-redacted-safe-routing,True,Legacy CRM predefined reply touches restricted topics; use only safe routing/escalation posture.,Prefer Aurora-safe restricted replies IDs 126-128/135-136 as applicable.,.htm; .txt; .rtf,C:\Users\uscap\AppData\Roaming\Microsoft\Signatures\Mercury CRM Reply 62 - Important Notice Keep Your Phone Number Updated.htm,D:\GithubRepos\uscapitalprivatebank-site\crm\sitebackup\source_artifacts\CRM.sql
Mercury CRM Reply 63 - What Is Wealth Management,restricted-routing-only,crm-sql-predefined-reply,63,restricted-redacted-safe-routing,True,Legacy CRM predefined reply touches restricted topics; use only safe routing/escalation posture.,Prefer Aurora-safe restricted replies IDs 126-128/135-136 as applicable.,.htm; .txt; .rtf,C:\Users\uscap\AppData\Roaming\Microsoft\Signatures\Mercury CRM Reply 63 - What Is Wealth Management.htm,D:\GithubRepos\uscapitalprivatebank-site\crm\sitebackup\source_artifacts\CRM.sql
Mercury CRM Reply 64 - Wealth Management,restricted-routing-only,crm-sql-predefined-reply,64,restricted-redacted-safe-routing,True,Legacy CRM predefined reply touches restricted topics; use only safe routing/escalation posture.,Prefer Aurora-safe restricted replies IDs 126-128/135-136 as applicable.,.htm; .txt; .rtf,C:\Users\uscap\AppData\Roaming\Microsoft\Signatures\Mercury CRM Reply 64 - Wealth Management.htm,D:\GithubRepos\uscapitalprivatebank-site\crm\sitebackup\source_artifacts\CRM.sql
Mercury CRM Reply 65 - Pre-Transaction Document,restricted-routing-only,crm-sql-predefined-reply,65,restricted-redacted-safe-routing,True,Legacy CRM predefined reply touches restricted topics; use only safe routing/escalation posture.,Prefer Aurora-safe restricted replies IDs 126-128/135-136 as applicable.,.htm; .txt; .rtf,C:\Users\uscap\AppData\Roaming\Microsoft\Signatures\Mercury CRM Reply 65 - Pre-Transaction Document.htm,D:\GithubRepos\uscapitalprivatebank-site\crm\sitebackup\source_artifacts\CRM.sql
Mercury CRM Reply 66 - SBLC BANK GUARANTEE PROCEDURES,restricted-routing-only,crm-sql-predefined-reply,66,restricted-redacted-safe-routing,True,Legacy CRM predefined reply touches restricted topics; use only safe routing/escalation posture.,Prefer Aurora-safe restricted replies IDs 126-128/135-136 as applicable.,.htm; .txt; .rtf,C:\Users\uscap\AppData\Roaming\Microsoft\Signatures\Mercury CRM Reply 66 - SBLC BANK GUARANTEE PROCEDURES.htm,D:\GithubRepos\uscapitalprivatebank-site\crm\sitebackup\source_artifacts\CRM.sql
Mercury CRM Reply 67 - Credit Services,restricted-routing-only,crm-sql-predefined-reply,67,restricted-redacted-safe-routing,True,Legacy CRM predefined reply touches restricted topics; use only safe routing/escalation posture.,Prefer Aurora-safe restricted replies IDs 126-128/135-136 as applicable.,.htm; .txt; .rtf,C:\Users\uscap\AppData\Roaming\Microsoft\Signatures\Mercury CRM Reply 67 - Credit Services.htm,D:\GithubRepos\uscapitalprivatebank-site\crm\sitebackup\source_artifacts\CRM.sql
Mercury CRM Reply 68 - Files uploaded to the wrong portal,useful-after-polish,crm-sql-predefined-reply,68,routine-safe,False,Legacy CRM predefined reply; useful substance but should be checked against current safe pack before reuse.,Polish and personalize; save strong revision as candidate if needed.,.htm; .txt; .rtf,C:\Users\uscap\AppData\Roaming\Microsoft\Signatures\Mercury CRM Reply 68 - Files uploaded to the wrong portal.htm,D:\GithubRepos\uscapitalprivatebank-site\crm\sitebackup\source_artifacts\CRM.sql
Mercury CRM Reply 69 - Executive Booking Zoom Call,restricted-routing-only,crm-sql-predefined-reply,69,restricted-redacted-safe-routing,True,Legacy CRM predefined reply touches restricted topics; use only safe routing/escalation posture.,Prefer Aurora-safe restricted replies IDs 126-128/135-136 as applicable.,.htm; .txt; .rtf,C:\Users\uscap\AppData\Roaming\Microsoft\Signatures\Mercury CRM Reply 69 - Executive Booking Zoom Call.htm,D:\GithubRepos\uscapitalprivatebank-site\crm\sitebackup\source_artifacts\CRM.sql
Mercury CRM Reply 7 - Google Authenticator,useful-after-polish,crm-sql-predefined-reply,7,routine-safe,False,Legacy CRM predefined reply; useful substance but should be checked against current safe pack before reuse.,Polish and personalize; save strong revision as candidate if needed.,.htm; .txt; .rtf,C:\Users\uscap\AppData\Roaming\Microsoft\Signatures\Mercury CRM Reply 7 - Google Authenticator.htm,D:\GithubRepos\uscapitalprivatebank-site\crm\sitebackup\source_artifacts\CRM.sql
Mercury CRM Reply 70 - Scheduling a Secure Zoom Consultation with US Capital Private Bank,restricted-routing-only,crm-sql-predefined-reply,70,restricted-redacted-safe-routing,True,Legacy CRM predefined reply touches restricted topics; use only safe routing/escalation posture.,Prefer Aurora-safe restricted replies IDs 126-128/135-136 as applicable.,.htm; .txt; .rtf,C:\Users\uscap\AppData\Roaming\Microsoft\Signatures\Mercury CRM Reply 70 - Scheduling a Secure Zoom Consultation with US Capital Private Bank.htm,D:\GithubRepos\uscapitalprivatebank-site\crm\sitebackup\source_artifacts\CRM.sql
Mercury CRM Reply 71 - Confirmation of Principal,restricted-routing-only,crm-sql-predefined-reply,71,restricted-redacted-safe-routing,True,Legacy CRM predefined reply touches restricted topics; use only safe routing/escalation posture.,Prefer Aurora-safe restricted replies IDs 126-128/135-136 as applicable.,.htm; .txt; .rtf,C:\Users\uscap\AppData\Roaming\Microsoft\Signatures\Mercury CRM Reply 71 - Confirmation of Principal.htm,D:\GithubRepos\uscapitalprivatebank-site\crm\sitebackup\source_artifacts\CRM.sql
Mercury CRM Reply 72 - Express Trust,restricted-routing-only,crm-sql-predefined-reply,72,restricted-redacted-safe-routing,True,Legacy CRM predefined reply touches restricted topics; use only safe routing/escalation posture.,Prefer Aurora-safe restricted replies IDs 126-128/135-136 as applicable.,.htm; .txt; .rtf,C:\Users\uscap\AppData\Roaming\Microsoft\Signatures\Mercury CRM Reply 72 - Express Trust.htm,D:\GithubRepos\uscapitalprivatebank-site\crm\sitebackup\source_artifacts\CRM.sql
Mercury CRM Reply 73 - Bankable Instrument Account Activation,restricted-routing-only,crm-sql-predefined-reply,73,restricted-redacted-safe-routing,True,Legacy CRM predefined reply touches restricted topics; use only safe routing/escalation posture.,Prefer Aurora-safe restricted replies IDs 126-128/135-136 as applicable.,.htm; .txt; .rtf,C:\Users\uscap\AppData\Roaming\Microsoft\Signatures\Mercury CRM Reply 73 - Bankable Instrument Account Activation.htm,D:\GithubRepos\uscapitalprivatebank-site\crm\sitebackup\source_artifacts\CRM.sql
Mercury CRM Reply 74 - Follow-Up Bankable Instrument Structuring Smart Plan Agreement,restricted-routing-only,crm-sql-predefined-reply,74,restricted-redacted-safe-routing,True,Legacy CRM predefined reply touches restricted topics; use only safe routing/escalation posture.,Prefer Aurora-safe restricted replies IDs 126-128/135-136 as applicable.,.htm; .txt; .rtf,C:\Users\uscap\AppData\Roaming\Microsoft\Signatures\Mercury CRM Reply 74 - Follow-Up Bankable Instrument Structuring Smart Plan Agreement.htm,D:\GithubRepos\uscapitalprivatebank-site\crm\sitebackup\source_artifacts\CRM.sql
Mercury CRM Reply 75 - Relationship Manager Assignment,restricted-routing-only,crm-sql-predefined-reply,75,restricted-redacted-safe-routing,True,Legacy CRM predefined reply touches restricted topics; use only safe routing/escalation posture.,Prefer Aurora-safe restricted replies IDs 126-128/135-136 as applicable.,.htm; .txt; .rtf,C:\Users\uscap\AppData\Roaming\Microsoft\Signatures\Mercury CRM Reply 75 - Relationship Manager Assignment.htm,D:\GithubRepos\uscapitalprivatebank-site\crm\sitebackup\source_artifacts\CRM.sql
Mercury CRM Reply 76 - Diplomatic Services Followup,restricted-routing-only,crm-sql-predefined-reply,76,restricted-redacted-safe-routing,True,Legacy CRM predefined reply touches restricted topics; use only safe routing/escalation posture.,Prefer Aurora-safe restricted replies IDs 126-128/135-136 as applicable.,.htm; .txt; .rtf,C:\Users\uscap\AppData\Roaming\Microsoft\Signatures\Mercury CRM Reply 76 - Diplomatic Services Followup.htm,D:\GithubRepos\uscapitalprivatebank-site\crm\sitebackup\source_artifacts\CRM.sql
Mercury CRM Reply 77 - Euroclear Registration Compliance Requirements for Your Instrument,restricted-routing-only,crm-sql-predefined-reply,77,restricted-redacted-safe-routing,True,Legacy CRM predefined reply touches restricted topics; use only safe routing/escalation posture.,Prefer Aurora-safe restricted replies IDs 126-128/135-136 as applicable.,.htm; .txt; .rtf,C:\Users\uscap\AppData\Roaming\Microsoft\Signatures\Mercury CRM Reply 77 - Euroclear Registration Compliance Requirements for Your Instrument.htm,D:\GithubRepos\uscapitalprivatebank-site\crm\sitebackup\source_artifacts\CRM.sql
Mercury CRM Reply 78 - KYC Completion Confirmed Next Steps for Account Classification,restricted-routing-only,crm-sql-predefined-reply,78,restricted-redacted-safe-routing,True,Legacy CRM predefined reply touches restricted topics; use only safe routing/escalation posture.,Prefer Aurora-safe restricted replies IDs 126-128/135-136 as applicable.,.htm; .txt; .rtf,C:\Users\uscap\AppData\Roaming\Microsoft\Signatures\Mercury CRM Reply 78 - KYC Completion Confirmed Next Steps for Account Classification.htm,D:\GithubRepos\uscapitalprivatebank-site\crm\sitebackup\source_artifacts\CRM.sql
Mercury CRM Reply 79 - Welcome Package Followup,restricted-routing-only,crm-sql-predefined-reply,79,restricted-redacted-safe-routing,True,Legacy CRM predefined reply touches restricted topics; use only safe routing/escalation posture.,Prefer Aurora-safe restricted replies IDs 126-128/135-136 as applicable.,.htm; .txt; .rtf,C:\Users\uscap\AppData\Roaming\Microsoft\Signatures\Mercury CRM Reply 79 - Welcome Package Followup.htm,D:\GithubRepos\uscapitalprivatebank-site\crm\sitebackup\source_artifacts\CRM.sql
Mercury CRM Reply 8 - Email Verification,restricted-routing-only,crm-sql-predefined-reply,8,restricted-redacted-safe-routing,True,Legacy CRM predefined reply touches restricted topics; use only safe routing/escalation posture.,Prefer Aurora-safe restricted replies IDs 126-128/135-136 as applicable.,.htm; .txt; .rtf,C:\Users\uscap\AppData\Roaming\Microsoft\Signatures\Mercury CRM Reply 8 - Email Verification.htm,D:\GithubRepos\uscapitalprivatebank-site\crm\sitebackup\source_artifacts\CRM.sql
Mercury CRM Reply 80 - Margin Status,useful-after-polish,crm-sql-predefined-reply,80,routine-safe,False,Legacy CRM predefined reply; useful substance but should be checked against current safe pack before reuse.,Polish and personalize; save strong revision as candidate if needed.,.htm; .txt; .rtf,C:\Users\uscap\AppData\Roaming\Microsoft\Signatures\Mercury CRM Reply 80 - Margin Status.htm,D:\GithubRepos\uscapitalprivatebank-site\crm\sitebackup\source_artifacts\CRM.sql
Mercury CRM Reply 81 - SWIFT Transaction Processing Requirement,restricted-routing-only,crm-sql-predefined-reply,81,restricted-redacted-safe-routing,True,Legacy CRM predefined reply touches restricted topics; use only safe routing/escalation posture.,Prefer Aurora-safe restricted replies IDs 126-128/135-136 as applicable.,.htm; .txt; .rtf,C:\Users\uscap\AppData\Roaming\Microsoft\Signatures\Mercury CRM Reply 81 - SWIFT Transaction Processing Requirement.htm,D:\GithubRepos\uscapitalprivatebank-site\crm\sitebackup\source_artifacts\CRM.sql
Mercury CRM Reply 82 - No Upfront Fees Professional Response Draft,restricted-routing-only,crm-sql-predefined-reply,82,restricted-redacted-safe-routing,True,Legacy CRM predefined reply touches restricted topics; use only safe routing/escalation posture.,Prefer Aurora-safe restricted replies IDs 126-128/135-136 as applicable.,.htm; .txt; .rtf,C:\Users\uscap\AppData\Roaming\Microsoft\Signatures\Mercury CRM Reply 82 - No Upfront Fees Professional Response Draft.htm,D:\GithubRepos\uscapitalprivatebank-site\crm\sitebackup\source_artifacts\CRM.sql
Mercury CRM Reply 83 - Welcome to US Capital Support,restricted-routing-only,crm-sql-predefined-reply,83,restricted-redacted-safe-routing,True,Legacy CRM predefined reply touches restricted topics; use only safe routing/escalation posture.,Prefer Aurora-safe restricted replies IDs 126-128/135-136 as applicable.,.htm; .txt; .rtf,C:\Users\uscap\AppData\Roaming\Microsoft\Signatures\Mercury CRM Reply 83 - Welcome to US Capital Support.htm,D:\GithubRepos\uscapitalprivatebank-site\crm\sitebackup\source_artifacts\CRM.sql
Mercury CRM Reply 84 - WHAT TYPE OF ACCOUNT DO I NEED FOR MY TRANSACTION,restricted-routing-only,crm-sql-predefined-reply,84,restricted-redacted-safe-routing,True,Legacy CRM predefined reply touches restricted topics; use only safe routing/escalation posture.,Prefer Aurora-safe restricted replies IDs 126-128/135-136 as applicable.,.htm; .txt; .rtf,C:\Users\uscap\AppData\Roaming\Microsoft\Signatures\Mercury CRM Reply 84 - WHAT TYPE OF ACCOUNT DO I NEED FOR MY TRANSACTION.htm,D:\GithubRepos\uscapitalprivatebank-site\crm\sitebackup\source_artifacts\CRM.sql
Mercury CRM Reply 9 - Why creating a project in the CRM is important,restricted-routing-only,crm-sql-predefined-reply,9,restricted-safe-routing,False,Legacy CRM predefined reply touches restricted topics; use only safe routing/escalation posture.,Prefer Aurora-safe restricted replies IDs 126-128/135-136 as applicable.,.htm; .txt; .rtf,C:\Users\uscap\AppData\Roaming\Microsoft\Signatures\Mercury CRM Reply 9 - Why creating a project in the CRM is important.htm,D:\GithubRepos\uscapitalprivatebank-site\crm\sitebackup\source_artifacts\CRM.sql
Mercury USCPB KB Reply - USCPB KB - Asset Monetization Procedure,restricted-routing-only,sales-ai-predefined-reply-md,,restricted-safe-routing,False,Approved safe reply block for restricted topic routing; does not authorize substantive commitments.,Use only to route through portal/Aurora/Morpheus; do not expand beyond text.,.htm; .txt; .rtf,C:\Users\uscap\AppData\Roaming\Microsoft\Signatures\Mercury USCPB KB Reply - USCPB KB - Asset Monetization Procedure.htm,D:\GithubRepos\Sales-AI-Knowledgebase\05-Predefined-Replies\Asset-Monetization-Procedure.md
Mercury USCPB KB Reply - USCPB KB - Asset Monetization Questionnaire,restricted-routing-only,sales-ai-predefined-reply-md,,restricted-safe-routing,False,Approved safe reply block for restricted topic routing; does not authorize substantive commitments.,Use only to route through portal/Aurora/Morpheus; do not expand beyond text.,.htm; .txt; .rtf,C:\Users\uscap\AppData\Roaming\Microsoft\Signatures\Mercury USCPB KB Reply - USCPB KB - Asset Monetization Questionnaire.htm,D:\GithubRepos\Sales-AI-Knowledgebase\05-Predefined-Replies\Asset-Monetization-Questionnaire.md
Mercury USCPB KB Reply - USCPB KB - Authorization To Verify,routine-safe,sales-ai-predefined-reply-md,,routine-safe,False,Approved Morpheus/Sales-AI safe predefined reply source.,Use after personalizing first sentence.,.htm; .txt; .rtf,C:\Users\uscap\AppData\Roaming\Microsoft\Signatures\Mercury USCPB KB Reply - USCPB KB - Authorization To Verify.htm,D:\GithubRepos\Sales-AI-Knowledgebase\05-Predefined-Replies\Authorization-To-Verify.md
Mercury USCPB KB Reply - USCPB KB - Bank To Bank Verification,restricted-routing-only,sales-ai-predefined-reply-md,,restricted-safe-routing,False,Approved safe reply block for restricted topic routing; does not authorize substantive commitments.,Use only to route through portal/Aurora/Morpheus; do not expand beyond text.,.htm; .txt; .rtf,C:\Users\uscap\AppData\Roaming\Microsoft\Signatures\Mercury USCPB KB Reply - USCPB KB - Bank To Bank Verification.htm,D:\GithubRepos\Sales-AI-Knowledgebase\05-Predefined-Replies\Bank-To-Bank-Verification.md
Mercury USCPB KB Reply - USCPB KB - Business Signature Card,routine-safe,sales-ai-predefined-reply-md,,routine-safe,False,Approved Morpheus/Sales-AI safe predefined reply source.,Use after personalizing first sentence.,.htm; .txt; .rtf,C:\Users\uscap\AppData\Roaming\Microsoft\Signatures\Mercury USCPB KB Reply - USCPB KB - Business Signature Card.htm,D:\GithubRepos\Sales-AI-Knowledgebase\05-Predefined-Replies\Business-Signature-Card.md
Mercury USCPB KB Reply - USCPB KB - Client Intake Form,restricted-routing-only,sales-ai-predefined-reply-md,,restricted-safe-routing,False,Approved safe reply block for restricted topic routing; does not authorize substantive commitments.,Use only to route through portal/Aurora/Morpheus; do not expand beyond text.,.htm; .txt; .rtf,C:\Users\uscap\AppData\Roaming\Microsoft\Signatures\Mercury USCPB KB Reply - USCPB KB - Client Intake Form.htm,D:\GithubRepos\Sales-AI-Knowledgebase\05-Predefined-Replies\Client-Intake-Form.md
Mercury USCPB KB Reply - USCPB KB - Consideration Contract Question,restricted-routing-only,sales-ai-predefined-reply-md,,restricted-safe-routing,False,Approved safe reply block for restricted topic routing; does not authorize substantive commitments.,Use only to route through portal/Aurora/Morpheus; do not expand beyond text.,.htm; .txt; .rtf,C:\Users\uscap\AppData\Roaming\Microsoft\Signatures\Mercury USCPB KB Reply - USCPB KB - Consideration Contract Question.htm,D:\GithubRepos\Sales-AI-Knowledgebase\05-Predefined-Replies\Consideration-Contract-Question.md
Mercury USCPB KB Reply - USCPB KB - Deposit Wire Instructions Restricted,restricted-routing-only,sales-ai-predefined-reply-md,,restricted-redacted-safe-routing,True,Approved safe reply block for restricted topic routing; does not authorize substantive commitments.,Use only to route through portal/Aurora/Morpheus; do not expand beyond text.,.htm; .txt; .rtf,C:\Users\uscap\AppData\Roaming\Microsoft\Signatures\Mercury USCPB KB Reply - USCPB KB - Deposit Wire Instructions Restricted.htm,D:\GithubRepos\Sales-AI-Knowledgebase\05-Predefined-Replies\Deposit-Wire-Instructions-Restricted.md
Mercury USCPB KB Reply - USCPB KB - Document Upload And KYC,restricted-routing-only,sales-ai-predefined-reply-md,,restricted-safe-routing,False,Approved safe reply block for restricted topic routing; does not authorize substantive commitments.,Use only to route through portal/Aurora/Morpheus; do not expand beyond text.,.htm; .txt; .rtf,C:\Users\uscap\AppData\Roaming\Microsoft\Signatures\Mercury USCPB KB Reply - USCPB KB - Document Upload And KYC.htm,D:\GithubRepos\Sales-AI-Knowledgebase\05-Predefined-Replies\Document-Upload-And-KYC.md
Mercury USCPB KB Reply - USCPB KB - Global Master Facility Application,restricted-routing-only,sales-ai-predefined-reply-md,,restricted-safe-routing,False,Approved safe reply block for restricted topic routing; does not authorize substantive commitments.,Use only to route through portal/Aurora/Morpheus; do not expand beyond text.,.htm; .txt; .rtf,C:\Users\uscap\AppData\Roaming\Microsoft\Signatures\Mercury USCPB KB Reply - USCPB KB - Global Master Facility Application.htm,D:\GithubRepos\Sales-AI-Knowledgebase\05-Predefined-Replies\Global-Master-Facility-Application.md
Mercury USCPB KB Reply - USCPB KB - Heritage Asset Review,routine-safe,sales-ai-predefined-reply-md,,routine-safe,False,Approved Morpheus/Sales-AI safe predefined reply source.,Use after personalizing first sentence.,.htm; .txt; .rtf,C:\Users\uscap\AppData\Roaming\Microsoft\Signatures\Mercury USCPB KB Reply - USCPB KB - Heritage Asset Review.htm,D:\GithubRepos\Sales-AI-Knowledgebase\05-Predefined-Replies\Heritage-Asset-Review.md
Mercury USCPB KB Reply - USCPB KB - Indemnity Commitment Document,restricted-routing-only,sales-ai-predefined-reply-md,,restricted-safe-routing,False,Approved safe reply block for restricted topic routing; does not authorize substantive commitments.,Use only to route through portal/Aurora/Morpheus; do not expand beyond text.,.htm; .txt; .rtf,C:\Users\uscap\AppData\Roaming\Microsoft\Signatures\Mercury USCPB KB Reply - USCPB KB - Indemnity Commitment Document.htm,D:\GithubRepos\Sales-AI-Knowledgebase\05-Predefined-Replies\Indemnity-Commitment-Document.md
Mercury USCPB KB Reply - USCPB KB - Institutional Instrument GMFA Inquiry,restricted-routing-only,sales-ai-predefined-reply-md,,restricted-safe-routing,False,Approved safe reply block for restricted topic routing; does not authorize substantive commitments.,Use only to route through portal/Aurora/Morpheus; do not expand beyond text.,.htm; .txt; .rtf,C:\Users\uscap\AppData\Roaming\Microsoft\Signatures\Mercury USCPB KB Reply - USCPB KB - Institutional Instrument GMFA Inquiry.htm,D:\GithubRepos\Sales-AI-Knowledgebase\05-Predefined-Replies\Institutional-Instrument-GMFA-Inquiry.md
Mercury USCPB KB Reply - USCPB KB - Organizational Verification Documents,routine-safe,sales-ai-predefined-reply-md,,routine-safe,False,Approved Morpheus/Sales-AI safe predefined reply source.,Use after personalizing first sentence.,.htm; .txt; .rtf,C:\Users\uscap\AppData\Roaming\Microsoft\Signatures\Mercury USCPB KB Reply - USCPB KB - Organizational Verification Documents.htm,D:\GithubRepos\Sales-AI-Knowledgebase\05-Predefined-Replies\Organizational-Verification-Documents.md
Mercury USCPB KB Reply - USCPB KB - Pricing And Prospectus Question,restricted-routing-only,sales-ai-predefined-reply-md,,restricted-safe-routing,False,Approved safe reply block for restricted topic routing; does not authorize substantive commitments.,Use only to route through portal/Aurora/Morpheus; do not expand beyond text.,.htm; .txt; .rtf,C:\Users\uscap\AppData\Roaming\Microsoft\Signatures\Mercury USCPB KB Reply - USCPB KB - Pricing And Prospectus Question.htm,D:\GithubRepos\Sales-AI-Knowledgebase\05-Predefined-Replies\Pricing-And-Prospectus-Question.md
Mercury USCPB KB Reply - USCPB KB - RWA POF BCL SWIFT Question,restricted-routing-only,sales-ai-predefined-reply-md,,restricted-redacted-safe-routing,True,Approved safe reply block for restricted topic routing; does not authorize substantive commitments.,Use only to route through portal/Aurora/Morpheus; do not expand beyond text.,.htm; .txt; .rtf,C:\Users\uscap\AppData\Roaming\Microsoft\Signatures\Mercury USCPB KB Reply - USCPB KB - RWA POF BCL SWIFT Question.htm,D:\GithubRepos\Sales-AI-Knowledgebase\05-Predefined-Replies\RWA-POF-BCL-SWIFT-Question.md
Mercury USCPB KB Reply - USCPB KB - SWIFT Message Review,restricted-routing-only,sales-ai-predefined-reply-md,,restricted-safe-routing,False,Approved safe reply block for restricted topic routing; does not authorize substantive commitments.,Use only to route through portal/Aurora/Morpheus; do not expand beyond text.,.htm; .txt; .rtf,C:\Users\uscap\AppData\Roaming\Microsoft\Signatures\Mercury USCPB KB Reply - USCPB KB - SWIFT Message Review.htm,D:\GithubRepos\Sales-AI-Knowledgebase\05-Predefined-Replies\SWIFT-Message-Review.md
Mercury USCPB KB Reply - USCPB KB - SWIFT Screenshot Or Forwarded Email,restricted-routing-only,sales-ai-predefined-reply-md,,restricted-safe-routing,False,Approved safe reply block for restricted topic routing; does not authorize substantive commitments.,Use only to route through portal/Aurora/Morpheus; do not expand beyond text.,.htm; .txt; .rtf,C:\Users\uscap\AppData\Roaming\Microsoft\Signatures\Mercury USCPB KB Reply - USCPB KB - SWIFT Screenshot Or Forwarded Email.htm,D:\GithubRepos\Sales-AI-Knowledgebase\05-Predefined-Replies\SWIFT-Screenshot-Or-Forwarded-Email.md
Mercury USCPB KB Reply - USCPB KB - Service Request Prequalification,restricted-routing-only,sales-ai-predefined-reply-md,,restricted-safe-routing,False,Approved safe reply block for restricted topic routing; does not authorize substantive commitments.,Use only to route through portal/Aurora/Morpheus; do not expand beyond text.,.htm; .txt; .rtf,C:\Users\uscap\AppData\Roaming\Microsoft\Signatures\Mercury USCPB KB Reply - USCPB KB - Service Request Prequalification.htm,D:\GithubRepos\Sales-AI-Knowledgebase\05-Predefined-Replies\Service-Request-Prequalification.md
Mercury USCPB KB Reply - USCPB KB - Smart Plan Agreement,restricted-routing-only,sales-ai-predefined-reply-md,,restricted-safe-routing,False,Approved safe reply block for restricted topic routing; does not authorize substantive commitments.,Use only to route through portal/Aurora/Morpheus; do not expand beyond text.,.htm; .txt; .rtf,C:\Users\uscap\AppData\Roaming\Microsoft\Signatures\Mercury USCPB KB Reply - USCPB KB - Smart Plan Agreement.htm,D:\GithubRepos\Sales-AI-Knowledgebase\05-Predefined-Replies\Smart-Plan-Agreement.md
Mercury USCPB KB Reply - USCPB KB - Verification Of Deposit,restricted-routing-only,sales-ai-predefined-reply-md,,restricted-safe-routing,False,Approved safe reply block for restricted topic routing; does not authorize substantive commitments.,Use only to route through portal/Aurora/Morpheus; do not expand beyond text.,.htm; .txt; .rtf,C:\Users\uscap\AppData\Roaming\Microsoft\Signatures\Mercury USCPB KB Reply - USCPB KB - Verification Of Deposit.htm,D:\GithubRepos\Sales-AI-Knowledgebase\05-Predefined-Replies\Verification-Of-Deposit.md
Mercury USCPB KB Reply - USCPB KB - Welcome Portal Link,routine-safe,sales-ai-predefined-reply-md,,routine-safe,False,Approved Morpheus/Sales-AI safe predefined reply source.,Use after personalizing first sentence.,.htm; .txt; .rtf,C:\Users\uscap\AppData\Roaming\Microsoft\Signatures\Mercury USCPB KB Reply - USCPB KB - Welcome Portal Link.htm,D:\GithubRepos\Sales-AI-Knowledgebase\05-Predefined-Replies\Welcome-Portal-Link.md
Mercury USCPB KB Reply - USCPB KB - Wiring Instructions Restricted,restricted-routing-only,sales-ai-predefined-reply-md,,restricted-safe-routing,False,Approved safe reply block for restricted topic routing; does not authorize substantive commitments.,Use only to route through portal/Aurora/Morpheus; do not expand beyond text.,.htm; .txt; .rtf,C:\Users\uscap\AppData\Roaming\Microsoft\Signatures\Mercury USCPB KB Reply - USCPB KB - Wiring Instructions Restricted.htm,D:\GithubRepos\Sales-AI-Knowledgebase\05-Predefined-Replies\Wiring-Instructions-Restricted.md
Mercury USCPB Reply - USCPB Safe - Asset Monetization Procedure,restricted-routing-only,morpheus-import-predefined-reply,,restricted-safe-routing,False,Approved safe reply block for restricted topic routing; does not authorize substantive commitments.,Use only to route through portal/Aurora/Morpheus; do not expand beyond text.,.htm; .txt; .rtf,C:\Users\uscap\AppData\Roaming\Microsoft\Signatures\Mercury USCPB Reply - USCPB Safe - Asset Monetization Procedure.htm,D:\GithubRepos\.morpheus\archive\WELCOME_PACKAGE_CRM_IMPORT_PAYLOAD_2026-05-04-ONEDRIVE.json
Mercury USCPB Reply - USCPB Safe - Asset Monetization Questionnaire,restricted-routing-only,morpheus-import-predefined-reply,,restricted-safe-routing,False,Approved safe reply block for restricted topic routing; does not authorize substantive commitments.,Use only to route through portal/Aurora/Morpheus; do not expand beyond text.,.htm; .txt; .rtf,C:\Users\uscap\AppData\Roaming\Microsoft\Signatures\Mercury USCPB Reply - USCPB Safe - Asset Monetization Questionnaire.htm,D:\GithubRepos\.morpheus\archive\WELCOME_PACKAGE_CRM_IMPORT_PAYLOAD_2026-05-04-ONEDRIVE.json
Mercury USCPB Reply - USCPB Safe - Authorization To Verify,routine-safe,morpheus-import-predefined-reply,,routine-safe,False,Approved Morpheus/Sales-AI safe predefined reply source.,Use after personalizing first sentence.,.htm; .txt; .rtf,C:\Users\uscap\AppData\Roaming\Microsoft\Signatures\Mercury USCPB Reply - USCPB Safe - Authorization To Verify.htm,D:\GithubRepos\.morpheus\archive\WELCOME_PACKAGE_CRM_IMPORT_PAYLOAD_2026-05-04-ONEDRIVE.json
Mercury USCPB Reply - USCPB Safe - Bank To Bank Verification,restricted-routing-only,morpheus-import-predefined-reply,,restricted-safe-routing,False,Approved safe reply block for restricted topic routing; does not authorize substantive commitments.,Use only to route through portal/Aurora/Morpheus; do not expand beyond text.,.htm; .txt; .rtf,C:\Users\uscap\AppData\Roaming\Microsoft\Signatures\Mercury USCPB Reply - USCPB Safe - Bank To Bank Verification.htm,D:\GithubRepos\.morpheus\archive\SWIFT_OPERATIONS_CRM_IMPORT_PAYLOAD_2026-05-04.json
Mercury USCPB Reply - USCPB Safe - Business Signature Card,routine-safe,morpheus-import-predefined-reply,,routine-safe,False,Approved Morpheus/Sales-AI safe predefined reply source.,Use after personalizing first sentence.,.htm; .txt; .rtf,C:\Users\uscap\AppData\Roaming\Microsoft\Signatures\Mercury USCPB Reply - USCPB Safe - Business Signature Card.htm,D:\GithubRepos\.morpheus\archive\WELCOME_PACKAGE_CRM_IMPORT_PAYLOAD_2026-05-04-ONEDRIVE.json
Mercury USCPB Reply - USCPB Safe - Client Intake Form,restricted-routing-only,morpheus-import-predefined-reply,,restricted-safe-routing,False,Approved safe reply block for restricted topic routing; does not authorize substantive commitments.,Use only to route through portal/Aurora/Morpheus; do not expand beyond text.,.htm; .txt; .rtf,C:\Users\uscap\AppData\Roaming\Microsoft\Signatures\Mercury USCPB Reply - USCPB Safe - Client Intake Form.htm,D:\GithubRepos\.morpheus\archive\WELCOME_PACKAGE_CRM_IMPORT_PAYLOAD_2026-05-04-ONEDRIVE.json
Mercury USCPB Reply - USCPB Safe - Contract Consideration Question,restricted-routing-only,morpheus-import-predefined-reply,,restricted-safe-routing,False,Approved safe reply block for restricted topic routing; does not authorize substantive commitments.,Use only to route through portal/Aurora/Morpheus; do not expand beyond text.,.htm; .txt; .rtf,C:\Users\uscap\AppData\Roaming\Microsoft\Signatures\Mercury USCPB Reply - USCPB Safe - Contract Consideration Question.htm,D:\GithubRepos\.morpheus\archive\WELCOME_PACKAGE_CRM_IMPORT_PAYLOAD_2026-05-04-ONEDRIVE.json
Mercury USCPB Reply - USCPB Safe - Deposit Wire Instructions Restricted,restricted-routing-only,morpheus-import-predefined-reply,,restricted-redacted-safe-routing,True,Approved safe reply block for restricted topic routing; does not authorize substantive commitments.,Use only to route through portal/Aurora/Morpheus; do not expand beyond text.,.htm; .txt; .rtf,C:\Users\uscap\AppData\Roaming\Microsoft\Signatures\Mercury USCPB Reply - USCPB Safe - Deposit Wire Instructions Restricted.htm,D:\GithubRepos\.morpheus\archive\WELCOME_PACKAGE_CRM_IMPORT_PAYLOAD_2026-05-04-ONEDRIVE.json
Mercury USCPB Reply - USCPB Safe - Document Upload And KYC,restricted-routing-only,morpheus-import-predefined-reply,,restricted-safe-routing,False,Approved safe reply block for restricted topic routing; does not authorize substantive commitments.,Use only to route through portal/Aurora/Morpheus; do not expand beyond text.,.htm; .txt; .rtf,C:\Users\uscap\AppData\Roaming\Microsoft\Signatures\Mercury USCPB Reply - USCPB Safe - Document Upload And KYC.htm,D:\GithubRepos\.morpheus\archive\WELCOME_PACKAGE_CRM_IMPORT_PAYLOAD_2026-05-04-ONEDRIVE.json
Mercury USCPB Reply - USCPB Safe - Global Master Facility Application,restricted-routing-only,morpheus-import-predefined-reply,,restricted-safe-routing,False,Approved safe reply block for restricted topic routing; does not authorize substantive commitments.,Use only to route through portal/Aurora/Morpheus; do not expand beyond text.,.htm; .txt; .rtf,C:\Users\uscap\AppData\Roaming\Microsoft\Signatures\Mercury USCPB Reply - USCPB Safe - Global Master Facility Application.htm,D:\GithubRepos\.morpheus\archive\WELCOME_PACKAGE_CRM_IMPORT_PAYLOAD_2026-05-04-ONEDRIVE.json
Mercury USCPB Reply - USCPB Safe - Heritage Asset Review,routine-safe,morpheus-import-predefined-reply,,routine-safe,False,Approved Morpheus/Sales-AI safe predefined reply source.,Use after personalizing first sentence.,.htm; .txt; .rtf,C:\Users\uscap\AppData\Roaming\Microsoft\Signatures\Mercury USCPB Reply - USCPB Safe - Heritage Asset Review.htm,D:\GithubRepos\.morpheus\archive\WELCOME_PACKAGE_CRM_IMPORT_PAYLOAD_2026-05-04-ONEDRIVE.json
Mercury USCPB Reply - USCPB Safe - Indemnity Commitment Document,restricted-routing-only,morpheus-import-predefined-reply,,restricted-safe-routing,False,Approved safe reply block for restricted topic routing; does not authorize substantive commitments.,Use only to route through portal/Aurora/Morpheus; do not expand beyond text.,.htm; .txt; .rtf,C:\Users\uscap\AppData\Roaming\Microsoft\Signatures\Mercury USCPB Reply - USCPB Safe - Indemnity Commitment Document.htm,D:\GithubRepos\.morpheus\archive\WELCOME_PACKAGE_CRM_IMPORT_PAYLOAD_2026-05-04-ONEDRIVE.json
Mercury USCPB Reply - USCPB Safe - Institutional Instrument GMFA Inquiry,restricted-routing-only,morpheus-import-predefined-reply,,restricted-safe-routing,False,Approved safe reply block for restricted topic routing; does not authorize substantive commitments.,Use only to route through portal/Aurora/Morpheus; do not expand beyond text.,.htm; .txt; .rtf,C:\Users\uscap\AppData\Roaming\Microsoft\Signatures\Mercury USCPB Reply - USCPB Safe - Institutional Instrument GMFA Inquiry.htm,D:\GithubRepos\.morpheus\archive\WELCOME_PACKAGE_CRM_IMPORT_PAYLOAD_2026-05-04-ONEDRIVE.json
Mercury USCPB Reply - USCPB Safe - Organizational Verification Documents,routine-safe,morpheus-import-predefined-reply,,routine-safe,False,Approved Morpheus/Sales-AI safe predefined reply source.,Use after personalizing first sentence.,.htm; .txt; .rtf,C:\Users\uscap\AppData\Roaming\Microsoft\Signatures\Mercury USCPB Reply - USCPB Safe - Organizational Verification Documents.htm,D:\GithubRepos\.morpheus\archive\WELCOME_PACKAGE_CRM_IMPORT_PAYLOAD_2026-05-04-ONEDRIVE.json
Mercury USCPB Reply - USCPB Safe - Pricing And Prospectus Question,restricted-routing-only,morpheus-import-predefined-reply,,restricted-safe-routing,False,Approved safe reply block for restricted topic routing; does not authorize substantive commitments.,Use only to route through portal/Aurora/Morpheus; do not expand beyond text.,.htm; .txt; .rtf,C:\Users\uscap\AppData\Roaming\Microsoft\Signatures\Mercury USCPB Reply - USCPB Safe - Pricing And Prospectus Question.htm,D:\GithubRepos\.morpheus\archive\WELCOME_PACKAGE_CRM_IMPORT_PAYLOAD_2026-05-04-ONEDRIVE.json
Mercury USCPB Reply - USCPB Safe - RWA POF BCL SWIFT Question,restricted-routing-only,morpheus-import-predefined-reply,,restricted-redacted-safe-routing,True,Approved safe reply block for restricted topic routing; does not authorize substantive commitments.,Use only to route through portal/Aurora/Morpheus; do not expand beyond text.,.htm; .txt; .rtf,C:\Users\uscap\AppData\Roaming\Microsoft\Signatures\Mercury USCPB Reply - USCPB Safe - RWA POF BCL SWIFT Question.htm,D:\GithubRepos\.morpheus\archive\SWIFT_OPERATIONS_CRM_IMPORT_PAYLOAD_2026-05-04.json
Mercury USCPB Reply - USCPB Safe - SWIFT Message Review,restricted-routing-only,morpheus-import-predefined-reply,,restricted-safe-routing,False,Approved safe reply block for restricted topic routing; does not authorize substantive commitments.,Use only to route through portal/Aurora/Morpheus; do not expand beyond text.,.htm; .txt; .rtf,C:\Users\uscap\AppData\Roaming\Microsoft\Signatures\Mercury USCPB Reply - USCPB Safe - SWIFT Message Review.htm,D:\GithubRepos\.morpheus\archive\SWIFT_OPERATIONS_CRM_IMPORT_PAYLOAD_2026-05-04.json
Mercury USCPB Reply - USCPB Safe - SWIFT Screenshot Or Forwarded Email,restricted-routing-only,morpheus-import-predefined-reply,,restricted-safe-routing,False,Approved safe reply block for restricted topic routing; does not authorize substantive commitments.,Use only to route through portal/Aurora/Morpheus; do not expand beyond text.,.htm; .txt; .rtf,C:\Users\uscap\AppData\Roaming\Microsoft\Signatures\Mercury USCPB Reply - USCPB Safe - SWIFT Screenshot Or Forwarded Email.htm,D:\GithubRepos\.morpheus\archive\SWIFT_OPERATIONS_CRM_IMPORT_PAYLOAD_2026-05-04.json
Mercury USCPB Reply - USCPB Safe - Service Request Prequalification,restricted-routing-only,morpheus-import-predefined-reply,,restricted-safe-routing,False,Approved safe reply block for restricted topic routing; does not authorize substantive commitments.,Use only to route through portal/Aurora/Morpheus; do not expand beyond text.,.htm; .txt; .rtf,C:\Users\uscap\AppData\Roaming\Microsoft\Signatures\Mercury USCPB Reply - USCPB Safe - Service Request Prequalification.htm,D:\GithubRepos\.morpheus\archive\WELCOME_PACKAGE_CRM_IMPORT_PAYLOAD_2026-05-04-ONEDRIVE.json
Mercury USCPB Reply - USCPB Safe - Smart Plan Agreement,restricted-routing-only,morpheus-import-predefined-reply,,restricted-safe-routing,False,Approved safe reply block for restricted topic routing; does not authorize substantive commitments.,Use only to route through portal/Aurora/Morpheus; do not expand beyond text.,.htm; .txt; .rtf,C:\Users\uscap\AppData\Roaming\Microsoft\Signatures\Mercury USCPB Reply - USCPB Safe - Smart Plan Agreement.htm,D:\GithubRepos\.morpheus\archive\WELCOME_PACKAGE_CRM_IMPORT_PAYLOAD_2026-05-04-ONEDRIVE.json
Mercury USCPB Reply - USCPB Safe - Verification Of Deposit,restricted-routing-only,morpheus-import-predefined-reply,,restricted-safe-routing,False,Approved safe reply block for restricted topic routing; does not authorize substantive commitments.,Use only to route through portal/Aurora/Morpheus; do not expand beyond text.,.htm; .txt; .rtf,C:\Users\uscap\AppData\Roaming\Microsoft\Signatures\Mercury USCPB Reply - USCPB Safe - Verification Of Deposit.htm,D:\GithubRepos\.morpheus\archive\WELCOME_PACKAGE_CRM_IMPORT_PAYLOAD_2026-05-04-ONEDRIVE.json
Mercury USCPB Reply - USCPB Safe - Welcome And Portal Link,routine-safe,morpheus-import-predefined-reply,,routine-safe,False,Approved Morpheus/Sales-AI safe predefined reply source.,Use after personalizing first sentence.,.htm; .txt; .rtf,C:\Users\uscap\AppData\Roaming\Microsoft\Signatures\Mercury USCPB Reply - USCPB Safe - Welcome And Portal Link.htm,D:\GithubRepos\.morpheus\archive\WELCOME_PACKAGE_CRM_IMPORT_PAYLOAD_2026-05-04-ONEDRIVE.json
Mercury USCPB Reply - USCPB Safe - Wiring Instructions Restricted,restricted-routing-only,morpheus-import-predefined-reply,,restricted-safe-routing,False,Approved safe reply block for restricted topic routing; does not authorize substantive commitments.,Use only to route through portal/Aurora/Morpheus; do not expand beyond text.,.htm; .txt; .rtf,C:\Users\uscap\AppData\Roaming\Microsoft\Signatures\Mercury USCPB Reply - USCPB Safe - Wiring Instructions Restricted.htm,D:\GithubRepos\.morpheus\archive\WELCOME_PACKAGE_CRM_IMPORT_PAYLOAD_2026-05-04-ONEDRIVE.json
USCPB - CRM Support,routine-safe,manual/clean-signature,,,,Clean Aurora signature standard; safe identity/signoff only.,Keep available for normal Outlook signatures.,.htm; .txt; .rtf,C:\Users\uscap\AppData\Roaming\Microsoft\Signatures\USCPB - CRM Support.htm,
USCPB - Client Relations Team,routine-safe,manual/clean-signature,,,,Clean Aurora signature standard; safe identity/signoff only.,Keep available for normal Outlook signatures.,.htm; .txt; .rtf,C:\Users\uscap\AppData\Roaming\Microsoft\Signatures\USCPB - Client Relations Team.htm,
USCPB - Compliance Intake,routine-safe,manual/clean-signature,,,,Clean Aurora signature standard; safe identity/signoff only.,Keep available for normal Outlook signatures.,.htm; .txt; .rtf,C:\Users\uscap\AppData\Roaming\Microsoft\Signatures\USCPB - Compliance Intake.htm,
USCPB - King David Executive Office,routine-safe,manual/clean-signature,,,,Clean Aurora signature standard; safe identity/signoff only.,Keep available for normal Outlook signatures.,.htm; .txt; .rtf,C:\Users\uscap\AppData\Roaming\Microsoft\Signatures\USCPB - King David Executive Office.htm,
USCPB - Mercury Vale Communications,routine-safe,manual/clean-signature,,,,Clean Aurora signature standard; safe identity/signoff only.,Keep available for normal Outlook signatures.,.htm; .txt; .rtf,C:\Users\uscap\AppData\Roaming\Microsoft\Signatures\USCPB - Mercury Vale Communications.htm,
USCPB - Trustee Operations,routine-safe,manual/clean-signature,,,,Clean Aurora signature standard; safe identity/signoff only.,Keep available for normal Outlook signatures.,.htm; .txt; .rtf,C:\Users\uscap\AppData\Roaming\Microsoft\Signatures\USCPB - Trustee Operations.htm,
